INFO 2025-11-26 22:28:00,053 apps 87962 8683061824 Main app signals imported
INFO 2025-11-26 22:28:00,110 apps 87963 8683061824 Main app signals imported
INFO 2025-11-26 22:28:00,113 autoreload 87963 8683061824 Watching for file changes with StatReloader
INFO 2025-11-26 22:28:03,625 apps 88164 8683061824 Main app signals imported
INFO 2025-11-26 22:29:13,396 apps 90166 8683061824 Main app signals imported
INFO 2025-11-26 22:29:16,070 apps 90240 8683061824 Main app signals imported
INFO 2025-11-26 22:29:19,220 apps 90390 8683061824 Main app signals imported
INFO 2025-11-26 22:29:20,283 apps 90406 8683061824 Main app signals imported
INFO 2025-11-26 22:30:35,231 apps 92596 8683061824 Main app signals imported
INFO 2025-11-26 22:30:37,745 apps 92656 8683061824 Main app signals imported
INFO 2025-11-26 22:30:45,892 apps 92947 8683061824 Main app signals imported
INFO 2025-11-26 22:30:47,376 apps 92967 8683061824 Main app signals imported
INFO 2025-11-26 22:31:18,571 apps 93912 8683061824 Main app signals imported
INFO 2025-11-26 22:31:20,855 apps 93966 8683061824 Main app signals imported
INFO 2025-11-26 22:33:06,304 apps 97062 8683061824 Main app signals imported
INFO 2025-11-26 22:33:06,656 apps 97064 8683061824 Main app signals imported
INFO 2025-11-26 22:33:07,755 apps 97069 8683061824 Main app signals imported
INFO 2025-11-26 22:33:22,122 apps 97480 8683061824 Main app signals imported
INFO 2025-11-26 22:33:23,801 apps 97526 8683061824 Main app signals imported
INFO 2025-11-26 22:33:52,501 apps 98390 8683061824 Main app signals imported
INFO 2025-11-26 22:33:54,314 apps 98442 8683061824 Main app signals imported
INFO 2025-11-26 22:34:02,120 apps 98711 8683061824 Main app signals imported
INFO 2025-11-26 22:34:03,191 apps 98727 8683061824 Main app signals imported
INFO 2025-11-26 22:34:10,850 apps 98980 8683061824 Main app signals imported
INFO 2025-11-26 22:34:12,060 apps 99022 8683061824 Main app signals imported
INFO 2025-11-26 22:34:24,018 apps 99377 8683061824 Main app signals imported
INFO 2025-11-26 22:34:25,204 apps 99388 8683061824 Main app signals imported
INFO 2025-11-26 22:34:27,495 basehttp 87963 6195884032 "GET /admin/main_app/englishword/ HTTP/1.1" 200 47552
INFO 2025-11-26 22:34:27,526 basehttp 87963 6195884032 "GET /admin/jsi18n/ HTTP/1.1" 200 3343
INFO 2025-11-26 22:34:29,400 basehttp 87963 6195884032 "GET /admin/main_app/englishword/ HTTP/1.1" 200 47552
INFO 2025-11-26 22:34:29,430 basehttp 87963 6195884032 "GET /admin/jsi18n/ HTTP/1.1" 200 3343
INFO 2025-11-26 22:34:30,014 basehttp 87963 6195884032 "GET /admin/main_app/tag/ HTTP/1.1" 200 25102
INFO 2025-11-26 22:34:30,848 basehttp 87963 6195884032 "GET /admin/goal_app/goal/ HTTP/1.1" 200 27977
INFO 2025-11-26 22:34:30,872 basehttp 87963 6195884032 "GET /admin/jsi18n/ HTTP/1.1" 200 3343
INFO 2025-11-26 22:34:31,814 basehttp 87963 6195884032 "GET /admin/goal_app/task/ HTTP/1.1" 200 39842
INFO 2025-11-26 22:34:31,838 basehttp 87963 6195884032 "GET /admin/jsi18n/ HTTP/1.1" 200 3343
INFO 2025-11-26 22:34:32,576 basehttp 87963 6195884032 "GET /admin/goal_app/tag/ HTTP/1.1" 200 25039
INFO 2025-11-26 22:34:33,336 basehttp 87963 6195884032 "GET /admin/core/user/ HTTP/1.1" 200 27177
INFO 2025-11-26 22:34:33,358 basehttp 87963 6195884032 "GET /admin/jsi18n/ HTTP/1.1" 200 3343
INFO 2025-11-26 22:34:34,107 basehttp 87963 6195884032 "GET /admin/auth/group/ HTTP/1.1" 200 24009
INFO 2025-11-26 22:34:34,137 basehttp 87963 6195884032 "GET /admin/jsi18n/ HTTP/1.1" 200 3343
INFO 2025-11-26 22:35:55,469 apps 2583 8683061824 Main app signals imported
INFO 2025-11-26 22:38:50,060 apps 7682 8683061824 Main app signals imported
INFO 2025-11-26 22:38:50,060 apps 7722 8683061824 Main app signals imported
INFO 2025-11-26 22:38:52,385 apps 7809 8683061824 Main app signals imported
INFO 2025-11-26 22:38:52,385 apps 7808 8683061824 Main app signals imported
INFO 2025-11-26 22:40:00,837 apps 9775 8683061824 Main app signals imported
INFO 2025-11-26 22:40:00,837 apps 9776 8683061824 Main app signals imported
INFO 2025-11-26 22:40:02,818 apps 9833 8683061824 Main app signals imported
INFO 2025-11-26 22:40:02,819 apps 9834 8683061824 Main app signals imported
INFO 2025-11-26 22:43:34,372 apps 16078 8683061824 Main app signals imported
INFO 2025-11-26 22:43:34,372 apps 16079 8683061824 Main app signals imported
INFO 2025-11-26 22:43:36,075 apps 16091 8683061824 Main app signals imported
INFO 2025-11-26 22:43:36,173 apps 16092 8683061824 Main app signals imported
INFO 2025-11-26 22:44:18,573 apps 17347 8683061824 Main app signals imported
INFO 2025-11-26 22:44:18,574 apps 17346 8683061824 Main app signals imported
INFO 2025-11-26 22:44:20,359 apps 17406 8683061824 Main app signals imported
INFO 2025-11-26 22:44:20,359 apps 17405 8683061824 Main app signals imported
INFO 2025-11-26 22:44:30,853 apps 17739 8683061824 Main app signals imported
INFO 2025-11-26 22:44:30,929 apps 17740 8683061824 Main app signals imported
INFO 2025-11-26 22:44:31,202 apps 17741 8683061824 Main app signals imported
INFO 2025-11-26 22:44:32,356 apps 17754 8683061824 Main app signals imported
INFO 2025-11-26 22:44:32,392 apps 17755 8683061824 Main app signals imported
INFO 2025-11-26 22:45:10,705 basehttp 87963 6195884032 "GET /admin/core/user/ HTTP/1.1" 200 27177
INFO 2025-11-26 22:45:10,735 basehttp 87963 6195884032 "GET /admin/jsi18n/ HTTP/1.1" 200 3343
INFO 2025-11-26 22:52:15,808 apps 31255 8683061824 Main app signals imported
INFO 2025-11-26 22:52:15,808 apps 31256 8683061824 Main app signals imported
INFO 2025-11-26 22:52:18,303 apps 31414 8683061824 Main app signals imported
INFO 2025-11-26 22:52:18,306 apps 31415 8683061824 Main app signals imported
INFO 2025-11-26 22:54:32,948 apps 35329 8683061824 Main app signals imported
INFO 2025-11-26 22:54:32,948 apps 35330 8683061824 Main app signals imported
INFO 2025-11-26 22:54:34,394 apps 35348 8683061824 Main app signals imported
INFO 2025-11-26 22:54:34,394 apps 35349 8683061824 Main app signals imported
INFO 2025-11-26 22:59:02,789 apps 43204 8683061824 Main app signals imported
INFO 2025-11-26 22:59:02,789 apps 43205 8683061824 Main app signals imported
INFO 2025-11-26 22:59:05,457 apps 43365 8683061824 Main app signals imported
INFO 2025-11-26 22:59:05,457 apps 43366 8683061824 Main app signals imported
INFO 2025-11-26 22:59:37,394 apps 44322 8683061824 Main app signals imported
INFO 2025-11-26 22:59:37,394 apps 44321 8683061824 Main app signals imported
INFO 2025-11-26 22:59:39,074 apps 44366 8683061824 Main app signals imported
INFO 2025-11-26 22:59:39,075 apps 44365 8683061824 Main app signals imported
INFO 2025-11-26 23:00:02,168 apps 45012 8683061824 Main app signals imported
INFO 2025-11-26 23:00:02,168 apps 45013 8683061824 Main app signals imported
INFO 2025-11-26 23:00:04,153 apps 45066 8683061824 Main app signals imported
INFO 2025-11-26 23:00:04,153 apps 45065 8683061824 Main app signals imported
INFO 2025-11-26 23:00:39,028 apps 46074 8683061824 Main app signals imported
INFO 2025-11-26 23:00:39,028 apps 46073 8683061824 Main app signals imported
INFO 2025-11-26 23:00:40,993 apps 46127 8683061824 Main app signals imported
INFO 2025-11-26 23:00:40,993 apps 46126 8683061824 Main app signals imported
INFO 2025-11-26 23:00:59,518 apps 46711 8683061824 Main app signals imported
INFO 2025-11-26 23:00:59,518 apps 46712 8683061824 Main app signals imported
INFO 2025-11-26 23:00:59,766 apps 46714 8683061824 Main app signals imported
INFO 2025-11-26 23:00:59,766 apps 46713 8683061824 Main app signals imported
INFO 2025-11-26 23:01:00,999 apps 46725 8683061824 Main app signals imported
INFO 2025-11-26 23:01:01,313 apps 46748 8683061824 Main app signals imported
INFO 2025-11-26 23:02:39,466 apps 49684 8683061824 Main app signals imported
INFO 2025-11-26 23:02:39,467 apps 49687 8683061824 Main app signals imported
INFO 2025-11-26 23:02:41,032 apps 49734 8683061824 Main app signals imported
INFO 2025-11-26 23:02:41,032 apps 49735 8683061824 Main app signals imported
INFO 2025-11-26 23:05:05,186 apps 53928 8683061824 Main app signals imported
INFO 2025-11-26 23:05:05,186 apps 53929 8683061824 Main app signals imported
INFO 2025-11-26 23:05:06,599 apps 53947 8683061824 Main app signals imported
INFO 2025-11-26 23:05:06,599 apps 53948 8683061824 Main app signals imported
INFO 2025-11-26 23:09:25,799 apps 61584 8683061824 Main app signals imported
INFO 2025-11-26 23:09:25,799 apps 61585 8683061824 Main app signals imported
INFO 2025-11-26 23:09:27,376 apps 61737 8683061824 Main app signals imported
INFO 2025-11-26 23:09:27,376 apps 61738 8683061824 Main app signals imported
INFO 2025-11-26 23:09:48,634 apps 62274 8683061824 Main app signals imported
INFO 2025-11-26 23:09:48,634 apps 62273 8683061824 Main app signals imported
INFO 2025-11-26 23:09:50,325 apps 62409 8683061824 Main app signals imported
INFO 2025-11-26 23:09:50,325 apps 62410 8683061824 Main app signals imported
INFO 2025-11-26 23:10:01,925 apps 62753 8683061824 Main app signals imported
INFO 2025-11-26 23:10:01,925 apps 62754 8683061824 Main app signals imported
INFO 2025-11-26 23:10:03,174 apps 62797 8683061824 Main app signals imported
INFO 2025-11-26 23:10:03,174 apps 62796 8683061824 Main app signals imported
INFO 2025-11-26 23:13:20,033 apps 68563 8683061824 Main app signals imported
INFO 2025-11-26 23:13:20,033 apps 68564 8683061824 Main app signals imported
INFO 2025-11-26 23:13:22,619 apps 68618 8683061824 Main app signals imported
INFO 2025-11-26 23:13:22,619 apps 68619 8683061824 Main app signals imported
INFO 2025-11-26 23:13:35,721 apps 69105 8683061824 Main app signals imported
INFO 2025-11-26 23:13:35,823 apps 69108 8683061824 Main app signals imported
INFO 2025-11-26 23:13:37,062 apps 69123 8683061824 Main app signals imported
INFO 2025-11-26 23:13:37,062 apps 69124 8683061824 Main app signals imported
INFO 2025-11-26 23:16:14,850 apps 73684 8683061824 Main app signals imported
INFO 2025-11-26 23:16:14,850 apps 73685 8683061824 Main app signals imported
INFO 2025-11-26 23:16:17,512 apps 73845 8683061824 Main app signals imported
INFO 2025-11-26 23:16:17,514 apps 73844 8683061824 Main app signals imported
INFO 2025-11-26 23:17:16,386 apps 75523 8683061824 Main app signals imported
INFO 2025-11-26 23:17:16,386 apps 75522 8683061824 Main app signals imported
INFO 2025-11-26 23:17:18,478 apps 75579 8683061824 Main app signals imported
INFO 2025-11-26 23:17:18,478 apps 75580 8683061824 Main app signals imported
INFO 2025-11-26 23:17:38,669 basehttp 87963 6195884032 "GET /admin/core/user/ HTTP/1.1" 200 27177
INFO 2025-11-26 23:17:38,696 basehttp 87963 6195884032 "GET /admin/jsi18n/ HTTP/1.1" 200 3343
INFO 2025-11-26 23:17:39,747 basehttp 87963 6195884032 "GET /admin/core/user/ HTTP/1.1" 200 27177
INFO 2025-11-26 23:17:39,768 basehttp 87963 6195884032 "GET /admin/jsi18n/ HTTP/1.1" 200 3343
INFO 2025-11-26 23:17:41,017 basehttp 87963 6195884032 "GET /admin/main_app/englishword/ HTTP/1.1" 200 47551
INFO 2025-11-26 23:17:41,044 basehttp 87963 6195884032 "GET /admin/jsi18n/ HTTP/1.1" 200 3343
INFO 2025-11-26 23:17:41,619 basehttp 87963 6195884032 "GET /admin/main_app/tag/ HTTP/1.1" 200 25102
INFO 2025-11-26 23:17:42,286 basehttp 87963 6195884032 "GET /admin/goal_app/goal/ HTTP/1.1" 200 27977
INFO 2025-11-26 23:17:42,318 basehttp 87963 6195884032 "GET /admin/jsi18n/ HTTP/1.1" 200 3343
INFO 2025-11-26 23:17:42,827 basehttp 87963 6195884032 "GET /admin/goal_app/task/ HTTP/1.1" 200 39841
INFO 2025-11-26 23:17:42,853 basehttp 87963 6195884032 "GET /admin/jsi18n/ HTTP/1.1" 200 3343
INFO 2025-11-26 23:17:43,255 basehttp 87963 6195884032 "GET /admin/goal_app/tag/ HTTP/1.1" 200 25039
INFO 2025-11-27 09:41:36,795 basehttp 87963 6195884032 "GET /admin/goal_app/tag/ HTTP/1.1" 200 25041
INFO 2025-11-27 09:41:36,827 basehttp 87963 6212710400 "GET /static/admin/js/core.js HTTP/1.1" 304 0
INFO 2025-11-27 09:41:36,828 basehttp 87963 6195884032 "GET /static/admin/js/jquery.init.js HTTP/1.1" 304 0
INFO 2025-11-27 09:41:36,829 basehttp 87963 6229536768 "GET /static/admin/css/changelists.css HTTP/1.1" 304 0
INFO 2025-11-27 09:41:36,829 basehttp 87963 6246363136 "GET /static/admin/js/admin/RelatedObjectLookups.js HTTP/1.1" 304 0
INFO 2025-11-27 09:41:36,829 basehttp 87963 6263189504 "GET /static/admin/js/actions.js HTTP/1.1" 304 0
INFO 2025-11-27 09:41:36,829 basehttp 87963 6212710400 "GET /static/admin/js/urlify.js HTTP/1.1" 304 0
INFO 2025-11-27 09:41:36,829 basehttp 87963 6195884032 "GET /static/admin/js/prepopulate.js HTTP/1.1" 304 0
INFO 2025-11-27 09:41:36,830 basehttp 87963 6280015872 "GET /static/admin/js/vendor/jquery/jquery.js HTTP/1.1" 304 0
INFO 2025-11-27 09:41:36,830 basehttp 87963 6229536768 "GET /static/admin/js/vendor/xregexp/xregexp.js HTTP/1.1" 304 0
INFO 2025-11-27 09:41:36,832 basehttp 87963 6229536768 "GET /static/admin/img/search.svg HTTP/1.1" 304 0
INFO 2025-11-27 09:41:36,842 basehttp 87963 6229536768 "GET /static/admin/js/filters.js HTTP/1.1" 304 0
INFO 2025-11-27 09:41:36,852 basehttp 87963 6229536768 "GET /static/admin/img/icon-addlink.svg HTTP/1.1" 304 0
INFO 2025-11-27 09:41:36,852 basehttp 87963 6195884032 "GET /static/admin/img/sorting-icons.svg HTTP/1.1" 304 0
INFO 2025-11-27 09:41:36,854 basehttp 87963 6195884032 "GET /static/admin/img/tooltag-add.svg HTTP/1.1" 304 0
WARNING 2025-11-27 11:38:09,213 log 87963 6195884032 Not Found: /device-check-tool/
WARNING 2025-11-27 11:38:09,215 basehttp 87963 6195884032 "GET /device-check-tool/ HTTP/1.1" 404 16077
WARNING 2025-11-27 11:38:10,545 log 87963 6195884032 Not Found: /device-check-tool/
WARNING 2025-11-27 11:38:10,545 basehttp 87963 6195884032 "GET /device-check-tool/ HTTP/1.1" 404 16077
WARNING 2025-11-27 11:38:12,294 log 87963 6195884032 Not Found: /device-check-tool/
WARNING 2025-11-27 11:38:12,295 basehttp 87963 6195884032 "GET /device-check-tool/ HTTP/1.1" 404 16077
WARNING 2025-11-27 11:38:53,763 log 87963 6195884032 Not Found: /device-check-tool/
WARNING 2025-11-27 11:38:53,765 basehttp 87963 6195884032 "GET /device-check-tool/ HTTP/1.1" 404 16077
INFO 2025-11-28 11:36:09,176 basehttp 87963 6195884032 "GET /admin/goal_app/goal/ HTTP/1.1" 302 0
INFO 2025-11-28 11:36:09,199 basehttp 87963 6195884032 "GET /admin/login/?next=/admin/goal_app/goal/ HTTP/1.1" 200 17740
INFO 2025-11-28 11:36:09,222 basehttp 87963 6195884032 "GET /static/admin/css/base.css HTTP/1.1" 304 0
INFO 2025-11-28 11:36:09,222 basehttp 87963 6212710400 "GET /static/admin/css/dark_mode.css HTTP/1.1" 304 0
INFO 2025-11-28 11:36:09,223 basehttp 87963 6246363136 "GET /static/admin/css/nav_sidebar.css HTTP/1.1" 304 0
INFO 2025-11-28 11:36:09,223 basehttp 87963 6229536768 "GET /static/debug_toolbar/css/toolbar.css HTTP/1.1" 304 0
INFO 2025-11-28 11:36:09,223 basehttp 87963 6263189504 "GET /static/admin/css/responsive.css HTTP/1.1" 304 0
INFO 2025-11-28 11:36:09,224 basehttp 87963 6195884032 "GET /static/admin/js/nav_sidebar.js HTTP/1.1" 304 0
INFO 2025-11-28 11:36:09,224 basehttp 87963 6212710400 "GET /static/debug_toolbar/js/toolbar.js HTTP/1.1" 304 0
INFO 2025-11-28 11:36:09,225 basehttp 87963 6229536768 "GET /static/admin/js/theme.js HTTP/1.1" 304 0
INFO 2025-11-28 11:36:09,225 basehttp 87963 6212710400 "GET /static/debug_toolbar/css/print.css HTTP/1.1" 304 0
INFO 2025-11-28 11:36:09,225 basehttp 87963 6229536768 "GET /static/debug_toolbar/js/utils.js HTTP/1.1" 304 0
INFO 2025-11-28 11:37:00,808 basehttp 87963 6229536768 "POST /admin/login/?next=/admin/goal_app/goal/ HTTP/1.1" 200 17902
INFO 2025-11-28 11:37:11,800 basehttp 87963 6229536768 "POST /admin/login/?next=/admin/goal_app/goal/ HTTP/1.1" 200 17911
INFO 2025-11-28 14:35:15,390 basehttp 87963 6195884032 "POST /admin/login/?next=/admin/goal_app/goal/ HTTP/1.1" 200 17911
INFO 2025-11-28 14:35:23,796 basehttp 87963 6195884032 "POST /admin/login/?next=/admin/goal_app/goal/ HTTP/1.1" 302 0
INFO 2025-11-28 14:35:23,819 basehttp 87963 6195884032 "GET /admin/goal_app/goal/ HTTP/1.1" 200 27977
INFO 2025-11-28 14:35:23,846 basehttp 87963 6195884032 "GET /admin/jsi18n/ HTTP/1.1" 200 3343
INFO 2025-11-28 14:35:26,885 basehttp 87963 6195884032 "GET /admin/goal_app/goal/ HTTP/1.1" 200 27977
INFO 2025-11-28 14:35:26,917 basehttp 87963 6195884032 "GET /admin/jsi18n/ HTTP/1.1" 200 3343
INFO 2025-11-28 14:35:27,735 basehttp 87963 6195884032 "GET /admin/goal_app/task/ HTTP/1.1" 200 39840
INFO 2025-11-28 14:35:27,764 basehttp 87963 6195884032 "GET /admin/jsi18n/ HTTP/1.1" 200 3343
INFO 2025-11-28 14:35:29,186 basehttp 87963 6195884032 "GET /admin/main_app/tag/ HTTP/1.1" 200 25102
INFO 2025-11-28 14:35:30,067 basehttp 87963 6195884032 "GET /admin/main_app/englishword/ HTTP/1.1" 200 47552
INFO 2025-11-28 14:35:30,095 basehttp 87963 6195884032 "GET /admin/jsi18n/ HTTP/1.1" 200 3343
INFO 2025-11-28 14:35:38,949 basehttp 87963 6195884032 "GET /admin/main_app/englishword/66/change/ HTTP/1.1" 200 29277
INFO 2025-11-28 14:35:38,962 basehttp 87963 6212710400 "GET /static/admin/js/inlines.js HTTP/1.1" 304 0
INFO 2025-11-28 14:35:38,963 basehttp 87963 6229536768 "GET /static/admin/css/forms.css HTTP/1.1" 304 0
INFO 2025-11-28 14:35:38,963 basehttp 87963 6246363136 "GET /static/admin/js/SelectBox.js HTTP/1.1" 304 0
INFO 2025-11-28 14:35:38,963 basehttp 87963 6263189504 "GET /static/admin/js/SelectFilter2.js HTTP/1.1" 304 0
INFO 2025-11-28 14:35:38,966 basehttp 87963 6263189504 "GET /static/admin/js/prepopulate_init.js HTTP/1.1" 304 0
INFO 2025-11-28 14:35:38,966 basehttp 87963 6246363136 "GET /static/admin/css/widgets.css HTTP/1.1" 304 0
INFO 2025-11-28 14:35:38,967 basehttp 87963 6263189504 "GET /static/admin/js/change_form.js HTTP/1.1" 304 0
INFO 2025-11-28 14:35:38,972 basehttp 87963 6195884032 "GET /admin/jsi18n/ HTTP/1.1" 200 3343
INFO 2025-11-28 14:35:38,992 basehttp 87963 6195884032 "GET /static/admin/img/inline-delete.svg HTTP/1.1" 304 0
INFO 2025-11-28 14:35:38,995 basehttp 87963 6195884032 "GET /static/admin/img/icon-unknown.svg HTTP/1.1" 304 0
INFO 2025-11-28 14:35:38,995 basehttp 87963 6263189504 "GET /static/admin/img/selector-icons.svg HTTP/1.1" 304 0
INFO 2025-11-28 14:35:38,995 basehttp 87963 6246363136 "GET /static/admin/img/icon-unknown-alt.svg HTTP/1.1" 304 0
INFO 2025-11-28 14:35:41,754 basehttp 87963 6246363136 "POST /admin/main_app/englishword/66/change/ HTTP/1.1" 302 0
INFO 2025-11-28 14:35:41,849 basehttp 87963 6246363136 "GET /admin/main_app/englishword/ HTTP/1.1" 200 47791
INFO 2025-11-28 14:35:41,871 basehttp 87963 6246363136 "GET /admin/jsi18n/ HTTP/1.1" 200 3343
INFO 2025-11-28 14:35:41,876 basehttp 87963 6246363136 "GET /static/admin/img/icon-yes.svg HTTP/1.1" 304 0
INFO 2025-11-28 14:35:43,204 basehttp 87963 6246363136 "GET /admin/main_app/englishword/ HTTP/1.1" 200 47551
INFO 2025-11-28 14:35:43,233 basehttp 87963 6246363136 "GET /admin/jsi18n/ HTTP/1.1" 200 3343
INFO 2025-11-28 14:35:46,411 basehttp 87963 6246363136 "GET /admin/main_app/englishword/2/change/ HTTP/1.1" 200 30598
INFO 2025-11-28 14:35:46,437 basehttp 87963 6246363136 "GET /admin/jsi18n/ HTTP/1.1" 200 3343
INFO 2025-11-28 14:35:48,311 basehttp 87963 6246363136 "POST /admin/main_app/englishword/2/change/ HTTP/1.1" 302 0
INFO 2025-11-28 14:35:48,422 basehttp 87963 6246363136 "GET /admin/main_app/englishword/ HTTP/1.1" 200 47763
INFO 2025-11-28 14:35:48,453 basehttp 87963 6246363136 "GET /admin/jsi18n/ HTTP/1.1" 200 3343
INFO 2025-11-28 14:35:49,615 basehttp 87963 6246363136 "GET /admin/main_app/englishword/51/change/ HTTP/1.1" 200 29258
INFO 2025-11-28 14:35:49,647 basehttp 87963 6246363136 "GET /admin/jsi18n/ HTTP/1.1" 200 3343
INFO 2025-11-28 18:49:18,128 basehttp 87963 6195884032 "GET /admin/goal_app/goal/ HTTP/1.1" 200 27979
INFO 2025-11-28 18:49:18,167 basehttp 87963 6195884032 "GET /admin/jsi18n/ HTTP/1.1" 200 3343
INFO 2025-11-28 18:49:19,077 basehttp 87963 6195884032 "GET /admin/main_app/englishword/ HTTP/1.1" 200 47552
INFO 2025-11-28 18:49:19,101 basehttp 87963 6195884032 "GET /admin/jsi18n/ HTTP/1.1" 200 3343
INFO 2025-11-28 18:49:19,878 basehttp 87963 6195884032 "GET /admin/main_app/tag/ HTTP/1.1" 200 25102
INFO 2025-11-28 18:49:20,799 basehttp 87963 6195884032 "GET /admin/goal_app/goal/ HTTP/1.1" 200 27977
INFO 2025-11-28 18:49:20,820 basehttp 87963 6195884032 "GET /admin/jsi18n/ HTTP/1.1" 200 3343
INFO 2025-11-28 18:49:21,977 basehttp 87963 6195884032 "GET /admin/goal_app/tag/ HTTP/1.1" 200 25039
INFO 2025-11-28 18:49:22,640 basehttp 87963 6195884032 "GET /admin/core/user/ HTTP/1.1" 200 27177
INFO 2025-11-28 18:49:22,663 basehttp 87963 6195884032 "GET /admin/jsi18n/ HTTP/1.1" 200 3343
INFO 2025-11-28 19:29:16,093 basehttp 87963 6195884032 "GET /admin/goal_app/goal/ HTTP/1.1" 200 27977
INFO 2025-11-28 19:29:16,125 basehttp 87963 6195884032 "GET /admin/jsi18n/ HTTP/1.1" 200 3343
INFO 2025-11-28 19:29:18,230 basehttp 87963 6195884032 "GET /admin/goal_app/task/ HTTP/1.1" 200 39842
INFO 2025-11-28 19:29:18,260 basehttp 87963 6195884032 "GET /admin/jsi18n/ HTTP/1.1" 200 3343
INFO 2025-11-28 19:29:19,308 basehttp 87963 6195884032 "GET /admin/main_app/tag/ HTTP/1.1" 200 25102
INFO 2025-11-28 19:29:19,981 basehttp 87963 6195884032 "GET /admin/main_app/englishword/ HTTP/1.1" 200 47552
INFO 2025-11-28 19:29:20,011 basehttp 87963 6195884032 "GET /admin/jsi18n/ HTTP/1.1" 200 3343
INFO 2025-11-28 20:52:33,330 basehttp 87963 6195884032 "GET /admin/main_app/englishword/63/change/ HTTP/1.1" 200 29326
INFO 2025-11-28 20:52:33,348 basehttp 87963 6195884032 "GET /admin/jsi18n/ HTTP/1.1" 200 3343
INFO 2025-11-28 20:52:35,352 basehttp 87963 6195884032 "GET /admin/main_app/englishword/ HTTP/1.1" 200 47552
INFO 2025-11-28 23:20:35,699 basehttp 87963 6195884032 "GET /admin/main_app/englishword/65/change/ HTTP/1.1" 200 29270
INFO 2025-11-28 23:20:35,719 basehttp 87963 6195884032 "GET /admin/jsi18n/ HTTP/1.1" 200 3343
INFO 2025-11-28 23:20:37,645 basehttp 87963 6195884032 "GET /admin/main_app/englishword/ HTTP/1.1" 200 47552
INFO 2025-11-28 23:20:37,671 basehttp 87963 6195884032 "GET /admin/jsi18n/ HTTP/1.1" 200 3343
INFO 2025-11-28 23:20:43,166 basehttp 87963 6195884032 "GET /admin/main_app/englishword/52/change/ HTTP/1.1" 200 29253
INFO 2025-11-28 23:20:43,193 basehttp 87963 6195884032 "GET /admin/jsi18n/ HTTP/1.1" 200 3343
INFO 2025-11-28 23:20:51,466 basehttp 87963 6195884032 "POST /admin/main_app/englishword/52/change/ HTTP/1.1" 302 0
INFO 2025-11-28 23:20:51,577 basehttp 87963 6195884032 "GET /admin/main_app/englishword/ HTTP/1.1" 200 47786
INFO 2025-11-28 23:20:51,607 basehttp 87963 6195884032 "GET /admin/jsi18n/ HTTP/1.1" 200 3343
INFO 2025-11-28 23:24:04,607 basehttp 87963 6195884032 "GET /admin/main_app/englishword/57/change/ HTTP/1.1" 200 29232
INFO 2025-11-28 23:24:04,630 basehttp 87963 6195884032 "GET /admin/jsi18n/ HTTP/1.1" 200 3343
INFO 2025-11-28 23:24:06,363 basehttp 87963 6195884032 "GET /admin/main_app/englishword/ HTTP/1.1" 200 47552
INFO 2025-11-28 23:24:06,389 basehttp 87963 6195884032 "GET /admin/jsi18n/ HTTP/1.1" 200 3343
INFO 2025-11-28 23:24:07,046 basehttp 87963 6195884032 "GET /admin/goal_app/goal/ HTTP/1.1" 200 27977
INFO 2025-11-28 23:24:07,073 basehttp 87963 6195884032 "GET /admin/jsi18n/ HTTP/1.1" 200 3343
INFO 2025-11-28 23:24:07,768 basehttp 87963 6195884032 "GET /admin/goal_app/task/ HTTP/1.1" 200 39842
INFO 2025-11-28 23:24:07,794 basehttp 87963 6195884032 "GET /admin/jsi18n/ HTTP/1.1" 200 3343
INFO 2025-11-28 23:24:08,332 basehttp 87963 6195884032 "GET /admin/goal_app/tag/ HTTP/1.1" 200 25039
INFO 2025-11-28 23:24:08,920 basehttp 87963 6195884032 "GET /admin/goal_app/task/ HTTP/1.1" 200 39840
INFO 2025-11-28 23:24:08,950 basehttp 87963 6195884032 "GET /admin/jsi18n/ HTTP/1.1" 200 3343
INFO 2025-11-28 23:24:09,592 basehttp 87963 6195884032 "GET /admin/goal_app/goal/ HTTP/1.1" 200 27977
INFO 2025-11-28 23:24:09,628 basehttp 87963 6195884032 "GET /admin/jsi18n/ HTTP/1.1" 200 3343
INFO 2025-11-28 23:24:10,277 basehttp 87963 6195884032 "GET /admin/main_app/tag/ HTTP/1.1" 200 25102
INFO 2025-11-28 23:24:10,893 basehttp 87963 6195884032 "GET /admin/main_app/englishword/ HTTP/1.1" 200 47552
INFO 2025-11-28 23:24:10,916 basehttp 87963 6195884032 "GET /admin/jsi18n/ HTTP/1.1" 200 3343
INFO 2025-11-28 23:24:31,722 basehttp 87963 6195884032 "GET /admin/main_app/englishword/ HTTP/1.1" 200 47551
INFO 2025-11-28 23:24:31,742 basehttp 87963 6195884032 "GET /admin/jsi18n/ HTTP/1.1" 200 3343
INFO 2025-11-28 23:24:32,462 basehttp 87963 6195884032 "GET /admin/goal_app/goal/ HTTP/1.1" 200 27977
INFO 2025-11-28 23:24:32,485 basehttp 87963 6195884032 "GET /admin/jsi18n/ HTTP/1.1" 200 3343
INFO 2025-11-28 23:24:33,679 basehttp 87963 6195884032 "GET /admin/goal_app/task/ HTTP/1.1" 200 39842
INFO 2025-11-28 23:24:33,710 basehttp 87963 6195884032 "GET /admin/jsi18n/ HTTP/1.1" 200 3343
INFO 2025-11-28 23:30:30,494 basehttp 87963 6195884032 "GET /admin/main_app/englishword/ HTTP/1.1" 200 47960
INFO 2025-11-28 23:30:30,515 basehttp 87963 6195884032 "GET /admin/jsi18n/ HTTP/1.1" 200 3343
INFO 2025-11-28 23:30:34,210 basehttp 87963 6195884032 "GET /admin/main_app/englishword/68/change/ HTTP/1.1" 200 29224
INFO 2025-11-28 23:30:34,228 basehttp 87963 6195884032 "GET /admin/jsi18n/ HTTP/1.1" 200 3343
INFO 2025-11-28 23:33:35,038 apps 62760 8683061824 Main app signals imported
INFO 2025-11-28 23:33:35,038 apps 62761 8683061824 Main app signals imported
INFO 2025-11-28 23:33:37,984 apps 62846 8683061824 Main app signals imported
INFO 2025-11-28 23:33:38,050 apps 62849 8683061824 Main app signals imported
INFO 2025-11-28 23:34:17,380 apps 64036 8683061824 Main app signals imported
INFO 2025-11-28 23:34:17,380 apps 64037 8683061824 Main app signals imported
INFO 2025-11-28 23:34:19,329 apps 64091 8683061824 Main app signals imported
INFO 2025-11-28 23:34:19,329 apps 64090 8683061824 Main app signals imported
INFO 2025-11-28 23:35:00,817 basehttp 87963 6195884032 "GET /admin/ HTTP/1.1" 200 25014
INFO 2025-11-28 23:35:00,826 basehttp 87963 6195884032 "GET /static/admin/css/dashboard.css HTTP/1.1" 304 0
INFO 2025-11-28 23:35:00,830 basehttp 87963 6195884032 "GET /static/admin/img/icon-changelink.svg HTTP/1.1" 304 0
INFO 2025-11-28 23:36:42,436 basehttp 87963 6195884032 "GET /admin/main_app/englishword/68/change/ HTTP/1.1" 200 30338
INFO 2025-11-28 23:36:42,461 basehttp 87963 6195884032 "GET /admin/jsi18n/ HTTP/1.1" 200 3343
INFO 2025-11-28 23:36:44,011 basehttp 87963 6195884032 "GET /admin/goal_app/goal/ HTTP/1.1" 200 27977
INFO 2025-11-28 23:36:44,043 basehttp 87963 6195884032 "GET /admin/jsi18n/ HTTP/1.1" 200 3343
INFO 2025-11-28 23:36:45,044 basehttp 87963 6195884032 "GET /admin/main_app/englishword/ HTTP/1.1" 200 47960
INFO 2025-11-28 23:36:45,074 basehttp 87963 6195884032 "GET /admin/jsi18n/ HTTP/1.1" 200 3343
INFO 2025-11-28 23:36:46,768 basehttp 87963 6195884032 "GET /admin/main_app/englishword/68/change/ HTTP/1.1" 200 30338
INFO 2025-11-28 23:36:46,791 basehttp 87963 6195884032 "GET /admin/jsi18n/ HTTP/1.1" 200 3343
INFO 2025-11-28 23:36:48,887 basehttp 87963 6195884032 "GET /media/word_media/2025/11/28/WechatIMG1274_n0vi3sA.jpg HTTP/1.1" 200 65001
INFO 2025-11-28 23:37:31,226 apps 69755 8683061824 Main app signals imported
INFO 2025-11-28 23:37:31,226 apps 69756 8683061824 Main app signals imported
INFO 2025-11-28 23:37:33,194 apps 69811 8683061824 Main app signals imported
INFO 2025-11-28 23:37:33,194 apps 69810 8683061824 Main app signals imported
INFO 2025-11-28 23:38:11,768 basehttp 87963 6195884032 "GET /admin/main_app/englishword/68/change/ HTTP/1.1" 200 32544
INFO 2025-11-28 23:38:13,428 basehttp 87963 6195884032 "GET /admin/main_app/englishword/68/change/ HTTP/1.1" 200 32544
INFO 2025-11-28 23:38:13,447 basehttp 87963 6195884032 "GET /admin/jsi18n/ HTTP/1.1" 200 3343
INFO 2025-11-28 23:40:54,449 basehttp 87963 6195884032 "GET /admin/main_app/englishword/68/change/ HTTP/1.1" 302 0
INFO 2025-11-28 23:40:54,472 basehttp 87963 6195884032 "GET /admin/ HTTP/1.1" 200 25190
INFO 2025-11-28 23:40:54,489 basehttp 87963 6195884032 "GET /static/admin/img/icon-alert.svg HTTP/1.1" 200 504
INFO 2025-11-28 23:40:57,802 basehttp 87963 6195884032 "GET /admin/main_app/englishword/ HTTP/1.1" 200 47552
INFO 2025-11-28 23:40:57,833 basehttp 87963 6195884032 "GET /admin/jsi18n/ HTTP/1.1" 200 3343
INFO 2025-11-28 23:42:48,944 basehttp 87963 6195884032 "GET /admin/main_app/englishword/ HTTP/1.1" 200 47552
INFO 2025-11-28 23:42:48,974 basehttp 87963 6195884032 "GET /admin/jsi18n/ HTTP/1.1" 200 3343
INFO 2025-11-28 23:42:50,445 basehttp 87963 6195884032 "GET /admin/main_app/tag/ HTTP/1.1" 200 25102
INFO 2025-11-28 23:42:55,885 basehttp 87963 6195884032 "GET /admin/goal_app/tag/ HTTP/1.1" 200 25039
INFO 2025-11-28 23:42:58,605 basehttp 87963 6195884032 "GET /admin/goal_app/task/ HTTP/1.1" 200 39842
INFO 2025-11-28 23:42:58,635 basehttp 87963 6195884032 "GET /admin/jsi18n/ HTTP/1.1" 200 3343
INFO 2025-11-28 23:43:00,033 basehttp 87963 6195884032 "GET /admin/goal_app/goal/ HTTP/1.1" 200 27977
INFO 2025-11-28 23:43:00,052 basehttp 87963 6195884032 "GET /admin/jsi18n/ HTTP/1.1" 200 3343
INFO 2025-11-28 23:43:01,450 basehttp 87963 6195884032 "GET /admin/goal_app/task/ HTTP/1.1" 200 39840
INFO 2025-11-28 23:43:01,503 basehttp 87963 6195884032 "GET /admin/jsi18n/ HTTP/1.1" 200 3343
INFO 2025-11-28 23:43:02,466 basehttp 87963 6195884032 "GET /admin/main_app/englishword/ HTTP/1.1" 200 47552
INFO 2025-11-28 23:43:02,490 basehttp 87963 6195884032 "GET /admin/jsi18n/ HTTP/1.1" 200 3343
INFO 2025-11-28 23:43:02,953 basehttp 87963 6195884032 "GET /admin/main_app/tag/ HTTP/1.1" 200 25102
INFO 2025-11-28 23:43:05,059 basehttp 87963 6195884032 "GET /admin/main_app/tag/ HTTP/1.1" 200 25102
INFO 2025-11-28 23:43:06,337 basehttp 87963 6195884032 "GET /admin/main_app/englishword/ HTTP/1.1" 200 47552
INFO 2025-11-28 23:43:06,367 basehttp 87963 6195884032 "GET /admin/jsi18n/ HTTP/1.1" 200 3343
INFO 2025-11-28 23:43:08,595 basehttp 87963 6195884032 "GET /admin/main_app/englishword/ HTTP/1.1" 200 47551
INFO 2025-11-28 23:43:08,624 basehttp 87963 6195884032 "GET /admin/jsi18n/ HTTP/1.1" 200 3343
INFO 2025-11-28 23:43:10,504 basehttp 87963 6195884032 "GET /admin/main_app/englishword/ HTTP/1.1" 200 47552
INFO 2025-11-28 23:43:10,529 basehttp 87963 6195884032 "GET /admin/jsi18n/ HTTP/1.1" 200 3343
INFO 2025-11-28 23:43:11,612 basehttp 87963 6195884032 "GET /admin/main_app/englishword/ HTTP/1.1" 200 47550
INFO 2025-11-28 23:43:11,636 basehttp 87963 6195884032 "GET /admin/jsi18n/ HTTP/1.1" 200 3343
INFO 2025-11-28 23:43:13,497 basehttp 87963 6195884032 "GET /admin/main_app/tag/ HTTP/1.1" 200 25102
INFO 2025-11-28 23:43:14,904 basehttp 87963 6195884032 "GET /admin/main_app/englishword/ HTTP/1.1" 200 47550
INFO 2025-11-28 23:43:14,927 basehttp 87963 6195884032 "GET /admin/jsi18n/ HTTP/1.1" 200 3343
INFO 2025-11-28 23:43:56,814 basehttp 87963 6195884032 "GET /admin/main_app/englishword/ HTTP/1.1" 200 47948
INFO 2025-11-28 23:43:56,841 basehttp 87963 6195884032 "GET /admin/jsi18n/ HTTP/1.1" 200 3343
INFO 2025-11-28 23:45:22,916 basehttp 87963 6195884032 "GET /admin/main_app/englishword/ HTTP/1.1" 200 47945
INFO 2025-11-28 23:45:22,936 basehttp 87963 6195884032 "GET /admin/jsi18n/ HTTP/1.1" 200 3343
INFO 2025-11-28 23:47:47,527 basehttp 87963 6195884032 "GET /admin/main_app/englishword/70/change/ HTTP/1.1" 200 30231
INFO 2025-11-28 23:47:47,550 basehttp 87963 6195884032 "GET /admin/jsi18n/ HTTP/1.1" 200 3343
INFO 2025-11-28 23:47:49,477 basehttp 87963 6195884032 "GET /media/word_media/2025/11/28/WechatIMG1275.jpg HTTP/1.1" 200 37160
INFO 2025-11-28 23:47:52,257 basehttp 87963 6195884032 "GET /admin/main_app/englishword/70/change/ HTTP/1.1" 200 30231
INFO 2025-11-28 23:48:12,432 basehttp 87963 6195884032 "GET /admin/main_app/englishword/70/change/ HTTP/1.1" 200 31332
INFO 2025-11-28 23:48:12,463 basehttp 87963 6195884032 "GET /admin/jsi18n/ HTTP/1.1" 200 3343
INFO 2025-11-28 23:50:57,021 basehttp 87963 6195884032 "GET /admin/main_app/tag/ HTTP/1.1" 200 25102
INFO 2025-11-28 23:50:59,106 basehttp 87963 6195884032 "GET /admin/main_app/englishword/ HTTP/1.1" 200 47946
INFO 2025-11-28 23:50:59,138 basehttp 87963 6195884032 "GET /admin/jsi18n/ HTTP/1.1" 200 3343
INFO 2025-11-28 23:51:00,128 basehttp 87963 6195884032 "GET /admin/main_app/englishword/70/change/ HTTP/1.1" 200 31332
INFO 2025-11-28 23:51:00,150 basehttp 87963 6195884032 "GET /admin/jsi18n/ HTTP/1.1" 200 3343
INFO 2025-11-28 23:51:02,511 basehttp 87963 6195884032 "GET /admin/main_app/tag/ HTTP/1.1" 200 25102
INFO 2025-11-28 23:52:32,651 basehttp 87963 6195884032 "GET /admin/main_app/englishword/ HTTP/1.1" 200 47966
INFO 2025-11-28 23:52:32,679 basehttp 87963 6195884032 "GET /admin/jsi18n/ HTTP/1.1" 200 3343
INFO 2025-11-28 23:52:33,885 basehttp 87963 6195884032 "GET /admin/main_app/englishword/70/change/ HTTP/1.1" 200 31341
INFO 2025-11-28 23:52:33,909 basehttp 87963 6195884032 "GET /admin/jsi18n/ HTTP/1.1" 200 3343
INFO 2025-11-28 23:54:11,158 basehttp 87963 6195884032 "GET /admin/main_app/englishword/70/change/ HTTP/1.1" 302 0
INFO 2025-11-28 23:54:11,183 basehttp 87963 6195884032 "GET /admin/ HTTP/1.1" 200 25190
INFO 2025-11-28 23:54:12,873 basehttp 87963 6195884032 "GET /admin/main_app/englishword/ HTTP/1.1" 200 47552
INFO 2025-11-28 23:54:12,902 basehttp 87963 6195884032 "GET /admin/jsi18n/ HTTP/1.1" 200 3343
INFO 2025-11-29 09:16:21,144 apps 98926 8683061824 Main app signals imported
INFO 2025-11-29 09:16:21,144 apps 98925 8683061824 Main app signals imported
INFO 2025-11-29 09:16:22,973 apps 98978 8683061824 Main app signals imported
INFO 2025-11-29 09:16:23,081 apps 98979 8683061824 Main app signals imported
INFO 2025-11-29 09:17:26,653 apps 1220 8683061824 Main app signals imported
INFO 2025-11-29 09:17:26,653 apps 1219 8683061824 Main app signals imported
INFO 2025-11-29 09:17:27,457 apps 1227 8683061824 Main app signals imported
INFO 2025-11-29 09:17:27,457 apps 1228 8683061824 Main app signals imported
INFO 2025-11-29 09:17:35,920 basehttp 87963 6195884032 "GET /admin/main_app/englishword/ HTTP/1.1" 200 47552
INFO 2025-11-29 09:17:35,941 basehttp 87963 6195884032 "GET /admin/jsi18n/ HTTP/1.1" 200 3343
INFO 2025-11-29 09:17:37,077 basehttp 87963 6195884032 "GET /admin/main_app/englishword/ HTTP/1.1" 200 47550
INFO 2025-11-29 09:17:37,099 basehttp 87963 6195884032 "GET /admin/jsi18n/ HTTP/1.1" 200 3343
INFO 2025-11-29 09:23:45,453 apps 12385 8683061824 Main app signals imported
INFO 2025-11-29 09:23:45,453 apps 12384 8683061824 Main app signals imported
INFO 2025-11-29 09:23:47,014 apps 12402 8683061824 Main app signals imported
INFO 2025-11-29 09:23:47,014 apps 12403 8683061824 Main app signals imported
INFO 2025-11-29 09:25:50,250 basehttp 87963 6195884032 "GET /admin/main_app/englishword/ HTTP/1.1" 200 47552
INFO 2025-11-29 09:25:50,280 basehttp 87963 6195884032 "GET /admin/jsi18n/ HTTP/1.1" 200 3343
INFO 2025-11-29 09:25:52,498 basehttp 87963 6195884032 "GET /admin/goal_app/task/ HTTP/1.1" 200 40362
INFO 2025-11-29 09:25:52,526 basehttp 87963 6195884032 "GET /admin/jsi18n/ HTTP/1.1" 200 3343
INFO 2025-11-29 09:25:55,758 basehttp 87963 6195884032 "GET /admin/goal_app/task/31/change/ HTTP/1.1" 200 31008
INFO 2025-11-29 09:25:55,778 basehttp 87963 6246363136 "GET /static/admin/css/autocomplete.css HTTP/1.1" 304 0
INFO 2025-11-29 09:25:55,780 basehttp 87963 6263189504 "GET /static/admin/js/autocomplete.js HTTP/1.1" 304 0
INFO 2025-11-29 09:25:55,780 basehttp 87963 6280015872 "GET /static/admin/js/vendor/select2/i18n/en.js HTTP/1.1" 304 0
INFO 2025-11-29 09:25:55,780 basehttp 87963 6246363136 "GET /static/admin/img/icon-deletelink.svg HTTP/1.1" 304 0
INFO 2025-11-29 09:25:55,780 basehttp 87963 6212710400 "GET /static/admin/css/vendor/select2/select2.css HTTP/1.1" 200 17358
INFO 2025-11-29 09:25:55,782 basehttp 87963 6263189504 "GET /static/admin/img/icon-viewlink.svg HTTP/1.1" 304 0
INFO 2025-11-29 09:25:55,783 basehttp 87963 6229536768 "GET /static/admin/js/vendor/select2/select2.full.js HTTP/1.1" 200 173566
INFO 2025-11-29 09:25:55,788 basehttp 87963 6195884032 "GET /admin/jsi18n/ HTTP/1.1" 200 3343
INFO 2025-11-29 09:26:20,099 basehttp 87963 6195884032 "GET /admin/autocomplete/?app_label=goal_app&model_name=task&field_name=goal HTTP/1.1" 200 84
INFO 2025-11-29 09:26:20,309 basehttp 87963 6195884032 "GET /__debug__/history_sidebar/?store_id=a2c093979eb641c886d1965e68660c73 HTTP/1.1" 200 10279
INFO 2025-11-29 09:28:24,078 basehttp 87963 6195884032 "GET /admin/goal_app/task/ HTTP/1.1" 200 40352
INFO 2025-11-29 09:28:24,102 basehttp 87963 6195884032 "GET /admin/jsi18n/ HTTP/1.1" 200 3343
INFO 2025-11-29 09:32:18,215 apps 27392 8683061824 Main app signals imported
INFO 2025-11-29 09:32:18,215 apps 27393 8683061824 Main app signals imported
INFO 2025-11-29 09:32:20,008 apps 27449 8683061824 Main app signals imported
INFO 2025-11-29 09:32:20,109 apps 27450 8683061824 Main app signals imported
INFO 2025-11-29 09:34:29,603 basehttp 87963 6195884032 "GET /admin/goal_app/task/ HTTP/1.1" 200 40351
INFO 2025-11-29 09:34:29,625 basehttp 87963 6195884032 "GET /admin/jsi18n/ HTTP/1.1" 200 3343
INFO 2025-11-29 09:35:13,923 apps 32519 8683061824 Main app signals imported
INFO 2025-11-29 09:35:13,923 apps 32520 8683061824 Main app signals imported
INFO 2025-11-29 09:35:16,975 apps 32689 8683061824 Main app signals imported
INFO 2025-11-29 09:35:16,978 apps 32690 8683061824 Main app signals imported
INFO 2025-11-29 09:36:46,478 basehttp 87963 6195884032 "GET /admin/goal_app/task/ HTTP/1.1" 200 40338
INFO 2025-11-29 09:36:46,497 basehttp 87963 6195884032 "GET /admin/jsi18n/ HTTP/1.1" 200 3343
INFO 2025-11-29 09:36:47,935 basehttp 87963 6195884032 "GET /admin/goal_app/task/31/change/ HTTP/1.1" 200 30960
INFO 2025-11-29 09:36:47,966 basehttp 87963 6195884032 "GET /admin/jsi18n/ HTTP/1.1" 200 3343
INFO 2025-11-29 09:36:50,771 basehttp 87963 6195884032 "GET /admin/main_app/englishword/ HTTP/1.1" 200 47552
INFO 2025-11-29 09:36:50,799 basehttp 87963 6195884032 "GET /admin/jsi18n/ HTTP/1.1" 200 3343
INFO 2025-11-29 09:36:51,420 basehttp 87963 6195884032 "GET /admin/goal_app/goal/ HTTP/1.1" 200 27977
INFO 2025-11-29 09:36:51,444 basehttp 87963 6195884032 "GET /admin/jsi18n/ HTTP/1.1" 200 3343
INFO 2025-11-29 09:36:54,451 basehttp 87963 6195884032 "GET /admin/goal_app/task/ HTTP/1.1" 200 40336
INFO 2025-11-29 09:36:54,474 basehttp 87963 6195884032 "GET /admin/jsi18n/ HTTP/1.1" 200 3343
INFO 2025-11-29 09:36:58,555 basehttp 87963 6195884032 "GET /admin/goal_app/goal/ HTTP/1.1" 200 27977
INFO 2025-11-29 09:36:58,579 basehttp 87963 6195884032 "GET /admin/jsi18n/ HTTP/1.1" 200 3343
INFO 2025-11-29 09:36:59,945 basehttp 87963 6195884032 "GET /admin/goal_app/task/ HTTP/1.1" 200 40337
INFO 2025-11-29 09:36:59,969 basehttp 87963 6195884032 "GET /admin/jsi18n/ HTTP/1.1" 200 3343
INFO 2025-11-29 09:37:01,211 basehttp 87963 6195884032 "GET /admin/goal_app/task/31/change/ HTTP/1.1" 200 30960
INFO 2025-11-29 09:37:01,234 basehttp 87963 6195884032 "GET /admin/jsi18n/ HTTP/1.1" 200 3343
INFO 2025-11-29 09:37:02,686 basehttp 87963 6195884032 "GET /admin/autocomplete/?app_label=goal_app&model_name=task&field_name=goal HTTP/1.1" 200 84
INFO 2025-11-29 09:37:02,895 basehttp 87963 6195884032 "GET /__debug__/history_sidebar/?store_id=37dcb2c870044383a1c352b7be1bf9b6 HTTP/1.1" 200 10279
INFO 2025-11-29 09:37:04,470 basehttp 87963 6195884032 "GET /admin/goal_app/goal/10/delete/?_to_field=id&_popup=1 HTTP/1.1" 200 17254
INFO 2025-11-29 09:37:04,476 basehttp 87963 6195884032 "GET /static/admin/js/cancel.js HTTP/1.1" 304 0
INFO 2025-11-29 09:37:11,897 basehttp 87963 6195884032 "GET /admin/autocomplete/?app_label=goal_app&model_name=task&field_name=goal HTTP/1.1" 200 84
INFO 2025-11-29 09:37:12,106 basehttp 87963 6195884032 "GET /__debug__/history_sidebar/?store_id=bf3bd8bb26854f79954635177b621c18 HTTP/1.1" 200 10279
INFO 2025-11-29 09:37:14,261 basehttp 87963 6195884032 "GET /admin/autocomplete/?app_label=goal_app&model_name=task&field_name=goal HTTP/1.1" 200 84
INFO 2025-11-29 09:37:14,470 basehttp 87963 6195884032 "GET /__debug__/history_sidebar/?store_id=02cd5385cc3d457aa93e554fbe0b7163 HTTP/1.1" 200 10279
INFO 2025-11-29 09:37:16,022 basehttp 87963 6195884032 "POST /admin/goal_app/task/31/change/ HTTP/1.1" 302 0
INFO 2025-11-29 09:37:16,065 basehttp 87963 6195884032 "GET /admin/goal_app/task/ HTTP/1.1" 200 40546
INFO 2025-11-29 09:37:16,091 basehttp 87963 6195884032 "GET /admin/jsi18n/ HTTP/1.1" 200 3343
INFO 2025-11-29 09:38:13,117 apps 37939 8683061824 Main app signals imported
INFO 2025-11-29 09:38:13,117 apps 37938 8683061824 Main app signals imported
INFO 2025-11-29 09:38:14,346 apps 37947 8683061824 Main app signals imported
INFO 2025-11-29 09:38:14,346 apps 37946 8683061824 Main app signals imported
INFO 2025-11-29 09:38:15,546 basehttp 87963 6195884032 "GET /admin/goal_app/task/ HTTP/1.1" 200 40347
INFO 2025-11-29 09:38:15,573 basehttp 87963 6195884032 "GET /admin/jsi18n/ HTTP/1.1" 200 3343
INFO 2025-11-29 09:38:34,113 basehttp 87963 6195884032 "GET /admin/goal_app/task/ HTTP/1.1" 200 39840
INFO 2025-11-29 09:38:34,133 basehttp 87963 6195884032 "GET /admin/jsi18n/ HTTP/1.1" 200 3343
INFO 2025-11-29 09:39:49,848 basehttp 87963 6195884032 "GET /admin/goal_app/task/ HTTP/1.1" 200 39839
INFO 2025-11-29 09:39:49,868 basehttp 87963 6195884032 "GET /admin/jsi18n/ HTTP/1.1" 200 3343
INFO 2025-11-29 09:39:53,432 basehttp 87963 6195884032 "GET /admin/goal_app/task/ HTTP/1.1" 200 39840
INFO 2025-11-29 09:39:53,456 basehttp 87963 6195884032 "GET /admin/jsi18n/ HTTP/1.1" 200 3343
INFO 2025-11-29 09:39:55,068 basehttp 87963 6195884032 "GET /admin/goal_app/goal/ HTTP/1.1" 200 27963
INFO 2025-11-29 09:39:55,092 basehttp 87963 6195884032 "GET /admin/jsi18n/ HTTP/1.1" 200 3343
INFO 2025-11-29 09:39:56,358 basehttp 87963 6195884032 "GET /admin/goal_app/goal/10/change/ HTTP/1.1" 200 35474
INFO 2025-11-29 09:39:56,380 basehttp 87963 6195884032 "GET /admin/jsi18n/ HTTP/1.1" 200 3343
INFO 2025-11-29 09:40:04,984 basehttp 87963 6195884032 "POST /admin/goal_app/goal/10/change/ HTTP/1.1" 302 0
INFO 2025-11-29 09:40:05,020 basehttp 87963 6195884032 "GET /admin/goal_app/goal/ HTTP/1.1" 200 28189
INFO 2025-11-29 09:40:05,044 basehttp 87963 6195884032 "GET /admin/jsi18n/ HTTP/1.1" 200 3343
INFO 2025-11-29 09:40:39,315 basehttp 87963 6195884032 "GET /admin/goal_app/goal/ HTTP/1.1" 200 28451
INFO 2025-11-29 09:40:39,346 basehttp 87963 6195884032 "GET /admin/jsi18n/ HTTP/1.1" 200 3343
INFO 2025-11-29 09:41:12,598 basehttp 87963 6195884032 "GET /admin/goal_app/goal/ HTTP/1.1" 200 27982
INFO 2025-11-29 09:41:12,619 basehttp 87963 6195884032 "GET /admin/jsi18n/ HTTP/1.1" 200 3343
INFO 2025-11-29 10:44:17,984 basehttp 87963 6195884032 "GET /admin/goal_app/goal/ HTTP/1.1" 200 27982
INFO 2025-11-29 10:44:18,010 basehttp 87963 6195884032 "GET /admin/jsi18n/ HTTP/1.1" 200 3343
INFO 2025-11-29 10:58:04,687 apps 26001 8683061824 Main app signals imported
INFO 2025-11-29 10:58:04,687 apps 26000 8683061824 Main app signals imported
INFO 2025-11-29 10:58:06,614 apps 26050 8683061824 Main app signals imported
INFO 2025-11-29 10:58:06,614 apps 26051 8683061824 Main app signals imported
INFO 2025-11-29 15:07:27,108 apps 92316 8683061824 Main app signals imported
INFO 2025-11-29 15:07:27,108 apps 92315 8683061824 Main app signals imported
INFO 2025-11-29 15:07:28,468 apps 92343 8683061824 Main app signals imported
INFO 2025-11-29 15:07:28,468 apps 92342 8683061824 Main app signals imported
INFO 2025-11-29 15:09:58,045 basehttp 87963 6195884032 "GET /admin/goal_app/goal/ HTTP/1.1" 200 27982
INFO 2025-11-29 15:09:58,078 basehttp 87963 6195884032 "GET /admin/jsi18n/ HTTP/1.1" 200 3343
INFO 2025-11-29 15:09:59,263 basehttp 87963 6195884032 "GET /admin/main_app/tag/ HTTP/1.1" 200 25352
INFO 2025-11-29 15:10:03,831 basehttp 87963 6195884032 "GET /admin/main_app/englishword/ HTTP/1.1" 200 47619
INFO 2025-11-29 15:10:03,860 basehttp 87963 6195884032 "GET /admin/jsi18n/ HTTP/1.1" 200 3343
INFO 2025-11-29 15:10:05,714 basehttp 87963 6195884032 "GET /admin/main_app/englishword/67/change/ HTTP/1.1" 200 29337
INFO 2025-11-29 15:10:05,739 basehttp 87963 6195884032 "GET /admin/jsi18n/ HTTP/1.1" 200 3343
INFO 2025-11-29 15:10:08,505 basehttp 87963 6195884032 "GET /admin/main_app/englishword/ HTTP/1.1" 200 47619
INFO 2025-11-29 15:10:08,534 basehttp 87963 6195884032 "GET /admin/jsi18n/ HTTP/1.1" 200 3343
INFO 2025-11-29 15:16:07,751 apps 7684 8683061824 Main app signals imported
INFO 2025-11-29 15:16:07,751 apps 7682 8683061824 Main app signals imported
INFO 2025-11-29 15:16:10,558 apps 7883 8683061824 Main app signals imported
INFO 2025-11-29 15:16:10,559 apps 7882 8683061824 Main app signals imported
INFO 2025-11-29 15:17:40,558 basehttp 87963 6195884032 "GET /admin/main_app/englishword/ HTTP/1.1" 200 47627
INFO 2025-11-29 15:17:40,587 basehttp 87963 6195884032 "GET /admin/jsi18n/ HTTP/1.1" 200 3343
INFO 2025-11-29 15:17:41,618 basehttp 87963 6195884032 "GET /admin/main_app/tag/ HTTP/1.1" 200 25360
INFO 2025-11-29 15:18:53,124 basehttp 87963 6195884032 "GET /admin/main_app/tag/ HTTP/1.1" 200 25360
INFO 2025-11-29 15:18:54,545 basehttp 87963 6195884032 "GET /admin/main_app/englishword/ HTTP/1.1" 200 48052
INFO 2025-11-29 15:18:54,568 basehttp 87963 6195884032 "GET /admin/jsi18n/ HTTP/1.1" 200 3343
INFO 2025-11-29 15:19:12,365 basehttp 87963 6195884032 "GET /admin/main_app/tag/ HTTP/1.1" 200 25102
INFO 2025-11-29 15:19:15,268 basehttp 87963 6195884032 "GET /admin/main_app/englishword/ HTTP/1.1" 200 47945
INFO 2025-11-29 15:19:15,288 basehttp 87963 6195884032 "GET /admin/jsi18n/ HTTP/1.1" 200 3343
INFO 2025-11-29 15:19:16,677 basehttp 87963 6195884032 "GET /admin/main_app/englishword/71/change/ HTTP/1.1" 200 29154
INFO 2025-11-29 15:19:16,711 basehttp 87963 6195884032 "GET /admin/jsi18n/ HTTP/1.1" 200 3343
INFO 2025-11-29 15:19:27,523 basehttp 87963 6195884032 "GET /admin/main_app/englishword/ HTTP/1.1" 200 47945
INFO 2025-11-29 15:19:27,549 basehttp 87963 6195884032 "GET /admin/jsi18n/ HTTP/1.1" 200 3343
INFO 2025-11-29 15:20:11,339 basehttp 87963 6195884032 "GET /admin/main_app/englishword/ HTTP/1.1" 200 48013
INFO 2025-11-29 15:20:11,359 basehttp 87963 6195884032 "GET /admin/jsi18n/ HTTP/1.1" 200 3343
INFO 2025-11-29 15:20:12,233 basehttp 87963 6195884032 "GET /admin/main_app/tag/ HTTP/1.1" 200 25353
INFO 2025-11-29 15:20:13,908 basehttp 87963 6195884032 "GET /admin/main_app/englishword/ HTTP/1.1" 200 48013
INFO 2025-11-29 15:20:13,936 basehttp 87963 6195884032 "GET /admin/jsi18n/ HTTP/1.1" 200 3343
INFO 2025-11-29 15:21:27,209 basehttp 87963 6195884032 "GET /admin/main_app/englishword/71/change/ HTTP/1.1" 200 29219
INFO 2025-11-29 15:21:27,234 basehttp 87963 6195884032 "GET /admin/jsi18n/ HTTP/1.1" 200 3343
INFO 2025-11-29 15:21:48,838 basehttp 87963 6195884032 "GET /admin/main_app/englishword/71/change/ HTTP/1.1" 200 29154
INFO 2025-11-29 15:21:48,867 basehttp 87963 6195884032 "GET /admin/jsi18n/ HTTP/1.1" 200 3343
INFO 2025-11-29 15:21:51,582 basehttp 87963 6195884032 "GET /admin/main_app/englishword/ HTTP/1.1" 200 47945
INFO 2025-11-29 15:21:51,605 basehttp 87963 6195884032 "GET /admin/jsi18n/ HTTP/1.1" 200 3343
INFO 2025-11-29 15:23:17,828 apps 20338 8683061824 Main app signals imported
INFO 2025-11-29 15:23:17,828 apps 20339 8683061824 Main app signals imported
INFO 2025-11-29 15:23:19,545 apps 20392 8683061824 Main app signals imported
INFO 2025-11-29 15:23:19,545 apps 20393 8683061824 Main app signals imported
INFO 2025-11-29 16:23:13,639 apps 25734 8683061824 Main app signals imported
INFO 2025-11-29 16:23:13,639 apps 25733 8683061824 Main app signals imported
INFO 2025-11-29 16:23:13,722 autoreload 87963 8683061824 /Users/meng/Desktop/Goals/core/serializers.py changed, reloading.
INFO 2025-11-29 16:23:14,005 apps 25735 8683061824 Main app signals imported
INFO 2025-11-29 16:23:14,009 autoreload 25735 8683061824 Watching for file changes with StatReloader
INFO 2025-11-29 16:23:16,129 apps 25791 8683061824 Main app signals imported
INFO 2025-11-29 16:23:16,184 apps 25792 8683061824 Main app signals imported
INFO 2025-11-29 16:40:46,190 apps 56444 8683061824 Main app signals imported
INFO 2025-11-29 16:40:46,190 apps 56445 8683061824 Main app signals imported
INFO 2025-11-29 16:40:46,227 autoreload 25735 8683061824 /Users/meng/Desktop/Goals/core/serializers.py changed, reloading.
INFO 2025-11-29 16:40:46,447 apps 56455 8683061824 Main app signals imported
INFO 2025-11-29 16:40:46,450 autoreload 56455 8683061824 Watching for file changes with StatReloader
INFO 2025-11-29 16:40:47,952 apps 56574 8683061824 Main app signals imported
INFO 2025-11-29 16:40:47,952 apps 56575 8683061824 Main app signals imported
INFO 2025-11-29 16:41:17,489 apps 57401 8683061824 Main app signals imported
INFO 2025-11-29 16:41:17,489 apps 57402 8683061824 Main app signals imported
INFO 2025-11-29 16:41:17,521 autoreload 56455 8683061824 /Users/meng/Desktop/Goals/core/serializers.py changed, reloading.
INFO 2025-11-29 16:41:17,743 apps 57405 8683061824 Main app signals imported
INFO 2025-11-29 16:41:17,746 autoreload 57405 8683061824 Watching for file changes with StatReloader
INFO 2025-11-29 16:41:19,236 apps 57554 8683061824 Main app signals imported
INFO 2025-11-29 16:41:19,243 apps 57555 8683061824 Main app signals imported
INFO 2025-11-29 16:42:20,703 apps 59297 8683061824 Main app signals imported
INFO 2025-11-29 16:42:20,703 apps 59298 8683061824 Main app signals imported
INFO 2025-11-29 16:42:20,800 autoreload 57405 8683061824 /Users/meng/Desktop/Goals/core/serializers.py changed, reloading.
INFO 2025-11-29 16:42:21,018 apps 59305 8683061824 Main app signals imported
INFO 2025-11-29 16:42:21,021 autoreload 59305 8683061824 Watching for file changes with StatReloader
INFO 2025-11-29 16:42:22,496 apps 59352 8683061824 Main app signals imported
INFO 2025-11-29 16:42:22,515 apps 59351 8683061824 Main app signals imported
INFO 2025-11-29 16:42:24,342 basehttp 59305 6190247936 "GET /admin/main_app/englishword/ HTTP/1.1" 200 47945
INFO 2025-11-29 16:42:24,364 basehttp 59305 6190247936 "GET /admin/jsi18n/ HTTP/1.1" 200 3343
INFO 2025-11-29 16:47:33,393 apps 68456 8683061824 Main app signals imported
INFO 2025-11-29 16:47:33,450 apps 68455 8683061824 Main app signals imported
INFO 2025-11-29 16:47:33,639 autoreload 59305 8683061824 /Users/meng/Desktop/Goals/core/models.py changed, reloading.
INFO 2025-11-29 16:47:33,850 apps 68474 8683061824 Main app signals imported
INFO 2025-11-29 16:47:33,854 autoreload 68474 8683061824 Watching for file changes with StatReloader
INFO 2025-11-29 16:47:35,843 apps 68599 8683061824 Main app signals imported
INFO 2025-11-29 16:47:35,865 apps 68631 8683061824 Main app signals imported
INFO 2025-11-29 16:48:58,546 autoreload 68474 8683061824 /Users/meng/Desktop/Goals/core/serializers.py changed, reloading.
INFO 2025-11-29 16:48:58,865 apps 71017 8683061824 Main app signals imported
INFO 2025-11-29 16:48:58,865 apps 71018 8683061824 Main app signals imported
INFO 2025-11-29 16:48:58,865 apps 71021 8683061824 Main app signals imported
INFO 2025-11-29 16:48:58,868 autoreload 71021 8683061824 Watching for file changes with StatReloader
INFO 2025-11-29 16:49:00,900 apps 71077 8683061824 Main app signals imported
INFO 2025-11-29 16:49:00,965 apps 71078 8683061824 Main app signals imported
INFO 2025-11-29 16:50:54,735 autoreload 71021 8683061824 /Users/meng/Desktop/Goals/core/serializers.py changed, reloading.
INFO 2025-11-29 16:50:54,913 apps 74450 8683061824 Main app signals imported
INFO 2025-11-29 16:50:54,913 apps 74449 8683061824 Main app signals imported
INFO 2025-11-29 16:50:54,965 apps 74453 8683061824 Main app signals imported
INFO 2025-11-29 16:50:54,969 autoreload 74453 8683061824 Watching for file changes with StatReloader
INFO 2025-11-29 16:50:56,995 apps 74508 8683061824 Main app signals imported
INFO 2025-11-29 16:50:56,995 apps 74507 8683061824 Main app signals imported
INFO 2025-11-29 16:51:42,536 apps 75842 8683061824 Main app signals imported
INFO 2025-11-29 16:51:42,588 autoreload 74453 8683061824 /Users/meng/Desktop/Goals/core/serializers.py changed, reloading.
INFO 2025-11-29 16:51:42,605 apps 75843 8683061824 Main app signals imported
INFO 2025-11-29 16:51:42,813 apps 75844 8683061824 Main app signals imported
INFO 2025-11-29 16:51:42,818 autoreload 75844 8683061824 Watching for file changes with StatReloader
INFO 2025-11-29 16:51:44,159 apps 75859 8683061824 Main app signals imported
INFO 2025-11-29 16:51:44,202 apps 75860 8683061824 Main app signals imported
INFO 2025-11-29 17:08:40,331 apps 5874 8683061824 Main app signals imported
INFO 2025-11-29 17:08:40,331 apps 5873 8683061824 Main app signals imported
INFO 2025-11-29 17:08:42,851 apps 5931 8683061824 Main app signals imported
INFO 2025-11-29 17:08:42,857 apps 5932 8683061824 Main app signals imported
INFO 2025-11-29 17:49:48,089 basehttp 75844 6212415488 "GET /admin/main_app/englishword/ HTTP/1.1" 200 47945
INFO 2025-11-29 17:49:48,089 basehttp 75844 6195589120 - Broken pipe from ('127.0.0.1', 55141)
INFO 2025-11-29 17:49:48,109 basehttp 75844 6212415488 "GET /admin/jsi18n/ HTTP/1.1" 200 3343
INFO 2025-11-29 17:50:22,683 apps 79017 8683061824 Main app signals imported
INFO 2025-11-29 17:50:22,683 apps 79018 8683061824 Main app signals imported
INFO 2025-11-29 17:50:24,954 apps 79077 8683061824 Main app signals imported
INFO 2025-11-29 17:50:24,958 apps 79076 8683061824 Main app signals imported
INFO 2025-11-29 17:50:28,958 apps 79277 8683061824 Main app signals imported
INFO 2025-11-29 17:50:28,958 apps 79276 8683061824 Main app signals imported
INFO 2025-11-29 17:50:29,314 apps 79278 8683061824 Main app signals imported
INFO 2025-11-29 17:50:29,314 apps 79279 8683061824 Main app signals imported
INFO 2025-11-29 17:50:30,043 apps 79285 8683061824 Main app signals imported
INFO 2025-11-29 17:50:30,043 apps 79286 8683061824 Main app signals imported
INFO 2025-11-29 19:00:53,003 basehttp 75844 6195589120 "GET /admin/main_app/englishword/ HTTP/1.1" 200 47945
INFO 2025-11-29 19:00:53,022 basehttp 75844 6195589120 "GET /admin/jsi18n/ HTTP/1.1" 200 3343
INFO 2025-11-29 19:00:54,023 basehttp 75844 6195589120 "GET /admin/core/user/ HTTP/1.1" 200 27177
INFO 2025-11-29 19:00:54,044 basehttp 75844 6195589120 "GET /admin/jsi18n/ HTTP/1.1" 200 3343
INFO 2025-11-29 19:00:55,272 basehttp 75844 6195589120 "GET /admin/goal_app/task/ HTTP/1.1" 200 39839
INFO 2025-11-29 19:00:55,298 basehttp 75844 6195589120 "GET /admin/jsi18n/ HTTP/1.1" 200 3343
INFO 2025-11-29 19:00:56,188 basehttp 75844 6195589120 "GET /admin/goal_app/goal/ HTTP/1.1" 200 27982
INFO 2025-11-29 19:00:56,213 basehttp 75844 6195589120 "GET /admin/jsi18n/ HTTP/1.1" 200 3343
INFO 2025-11-29 19:00:56,920 basehttp 75844 6195589120 "GET /admin/goal_app/tag/ HTTP/1.1" 200 25039
INFO 2025-11-29 19:00:58,499 basehttp 75844 6195589120 "GET /admin/main_app/tag/ HTTP/1.1" 200 25102
INFO 2025-11-29 21:03:24,368 basehttp 75844 6195589120 "GET /admin/main_app/tag/ HTTP/1.1" 200 25102
INFO 2025-11-29 21:03:27,484 basehttp 75844 6195589120 "GET /admin/main_app/englishword/ HTTP/1.1" 200 47945
INFO 2025-11-29 21:03:27,508 basehttp 75844 6195589120 "GET /admin/jsi18n/ HTTP/1.1" 200 3343
INFO 2025-11-29 21:05:00,847 basehttp 75844 6195589120 "GET /admin/main_app/englishword/ HTTP/1.1" 200 47550
INFO 2025-11-29 21:05:00,877 basehttp 75844 6195589120 "GET /admin/jsi18n/ HTTP/1.1" 200 3343
INFO 2025-11-29 21:12:23,414 basehttp 75844 6195589120 "GET /admin/main_app/englishword/ HTTP/1.1" 200 47552
INFO 2025-11-29 21:12:23,433 basehttp 75844 6195589120 "GET /admin/jsi18n/ HTTP/1.1" 200 3343
INFO 2025-11-29 21:28:17,845 autoreload 75844 8683061824 /Users/meng/Desktop/Goals/core/serializers.py changed, reloading.
INFO 2025-11-29 21:28:18,306 apps 59727 8683061824 Main app signals imported
INFO 2025-11-29 21:28:18,306 apps 59729 8683061824 Main app signals imported
INFO 2025-11-29 21:28:18,306 apps 59728 8683061824 Main app signals imported
INFO 2025-11-29 21:28:18,310 autoreload 59729 8683061824 Watching for file changes with StatReloader
INFO 2025-11-29 21:28:21,693 apps 59828 8683061824 Main app signals imported
INFO 2025-11-29 21:28:21,693 apps 59829 8683061824 Main app signals imported
INFO 2025-11-29 21:28:29,803 autoreload 59729 8683061824 /Users/meng/Desktop/Goals/core/serializers.py changed, reloading.
INFO 2025-11-29 21:28:30,117 apps 60107 8683061824 Main app signals imported
INFO 2025-11-29 21:28:30,120 autoreload 60107 8683061824 Watching for file changes with StatReloader
INFO 2025-11-29 21:28:30,166 apps 60112 8683061824 Main app signals imported
INFO 2025-11-29 21:28:30,166 apps 60113 8683061824 Main app signals imported
INFO 2025-11-29 21:28:31,488 apps 60163 8683061824 Main app signals imported
INFO 2025-11-29 21:28:31,488 apps 60164 8683061824 Main app signals imported
INFO 2025-11-29 21:28:53,340 basehttp 60107 6170636288 "GET /admin/core/user/ HTTP/1.1" 200 27178
INFO 2025-11-29 21:28:53,371 basehttp 60107 6170636288 "GET /admin/jsi18n/ HTTP/1.1" 200 3343
INFO 2025-11-29 21:28:56,429 basehttp 60107 6170636288 "GET /admin/goal_app/goal/ HTTP/1.1" 200 27982
INFO 2025-11-29 21:28:56,452 basehttp 60107 6170636288 "GET /admin/jsi18n/ HTTP/1.1" 200 3343
INFO 2025-11-29 21:28:57,078 basehttp 60107 6170636288 "GET /admin/goal_app/task/ HTTP/1.1" 200 39839
INFO 2025-11-29 21:28:57,100 basehttp 60107 6170636288 "GET /admin/jsi18n/ HTTP/1.1" 200 3343
INFO 2025-11-29 21:32:23,918 apps 67010 8683061824 Main app signals imported
INFO 2025-11-29 21:32:23,918 apps 67011 8683061824 Main app signals imported
INFO 2025-11-29 21:32:25,899 apps 67083 8683061824 Main app signals imported
INFO 2025-11-29 21:32:25,976 apps 67084 8683061824 Main app signals imported
INFO 2025-11-29 21:32:48,331 basehttp 60107 6170636288 "GET /admin/core/user/ HTTP/1.1" 200 27177
INFO 2025-11-29 21:32:48,357 basehttp 60107 6170636288 "GET /admin/jsi18n/ HTTP/1.1" 200 3343
INFO 2025-11-29 21:36:25,879 apps 74094 8683061824 Main app signals imported
INFO 2025-11-29 21:36:25,879 apps 74093 8683061824 Main app signals imported
INFO 2025-11-29 21:36:28,170 apps 74162 8683061824 Main app signals imported
INFO 2025-11-29 21:36:28,170 apps 74163 8683061824 Main app signals imported
INFO 2025-11-29 21:36:57,535 apps 75075 8683061824 Main app signals imported
INFO 2025-11-29 21:36:57,551 apps 75076 8683061824 Main app signals imported
INFO 2025-11-29 21:36:59,301 apps 75098 8683061824 Main app signals imported
INFO 2025-11-29 21:36:59,301 apps 75099 8683061824 Main app signals imported
INFO 2025-11-29 21:39:47,634 apps 81272 8683061824 Main app signals imported
INFO 2025-11-29 21:39:47,788 apps 81273 8683061824 Main app signals imported
INFO 2025-11-29 21:39:47,789 autoreload 81273 8683061824 Watching for file changes with StatReloader
INFO 2025-11-29 21:39:51,945 basehttp 81273 6200684544 "GET /admin/core/user/ HTTP/1.1" 200 27177
INFO 2025-11-29 21:39:51,967 basehttp 81273 6200684544 "GET /admin/jsi18n/ HTTP/1.1" 200 3343
INFO 2025-11-29 21:39:53,007 basehttp 81273 6200684544 "GET /admin/core/user/ HTTP/1.1" 200 27177
INFO 2025-11-29 21:39:53,030 basehttp 81273 6200684544 "GET /admin/jsi18n/ HTTP/1.1" 200 3343
INFO 2025-11-29 21:39:53,775 basehttp 81273 6200684544 "GET /admin/goal_app/tag/ HTTP/1.1" 200 25039
INFO 2025-11-29 21:39:55,070 basehttp 81273 6200684544 "GET /admin/goal_app/task/ HTTP/1.1" 200 39840
INFO 2025-11-29 21:39:55,096 basehttp 81273 6200684544 "GET /admin/jsi18n/ HTTP/1.1" 200 3343
INFO 2025-11-29 21:39:55,547 basehttp 81273 6200684544 "GET /admin/goal_app/goal/ HTTP/1.1" 200 27982
INFO 2025-11-29 21:39:55,569 basehttp 81273 6200684544 "GET /admin/jsi18n/ HTTP/1.1" 200 3343
INFO 2025-11-29 21:39:56,388 basehttp 81273 6200684544 "GET /admin/main_app/englishword/ HTTP/1.1" 200 47550
INFO 2025-11-29 21:39:56,412 basehttp 81273 6200684544 "GET /admin/jsi18n/ HTTP/1.1" 200 3343
INFO 2025-11-29 21:40:20,414 apps 82494 8683061824 Main app signals imported
INFO 2025-11-29 21:41:43,519 apps 85319 8683061824 Main app signals imported
INFO 2025-11-29 21:41:44,392 apps 85453 8683061824 Main app signals imported
INFO 2025-11-29 21:41:44,769 apps 85456 8683061824 Main app signals imported
INFO 2025-11-29 21:41:45,196 apps 85461 8683061824 Main app signals imported
INFO 2025-11-29 21:41:46,191 apps 85507 8683061824 Main app signals imported
INFO 2025-11-29 21:41:46,567 apps 85536 8683061824 Main app signals imported
INFO 2025-11-29 21:41:47,602 apps 85568 8683061824 Main app signals imported
INFO 2025-11-29 21:41:47,950 apps 85610 8683061824 Main app signals imported
INFO 2025-11-29 21:41:48,915 apps 85616 8683061824 Main app signals imported
INFO 2025-11-29 21:41:49,987 apps 85630 8683061824 Main app signals imported
INFO 2025-11-29 21:41:50,320 apps 85658 8683061824 Main app signals imported
INFO 2025-11-29 21:41:51,395 apps 85667 8683061824 Main app signals imported
INFO 2025-11-29 21:41:55,699 apps 85861 8683061824 Main app signals imported
INFO 2025-11-29 21:42:00,518 apps 86061 8683061824 Main app signals imported
INFO 2025-11-29 21:42:03,724 apps 86107 8683061824 Main app signals imported
INFO 2025-11-29 21:42:20,544 basehttp 81273 6200684544 "GET /admin/ HTTP/1.1" 200 24950
INFO 2025-11-29 21:43:49,531 auth 86107 6151712768 User created successfully: string
INFO 2025-11-29 21:43:59,138 basehttp 81273 6200684544 "GET /admin/core/user/ HTTP/1.1" 200 27717
INFO 2025-11-29 21:43:59,161 basehttp 81273 6217510912 "GET /static/admin/img/icon-no.svg HTTP/1.1" 200 560
INFO 2025-11-29 21:43:59,172 basehttp 81273 6200684544 "GET /admin/jsi18n/ HTTP/1.1" 200 3343
INFO 2025-11-29 21:44:26,805 basehttp 81273 6200684544 "GET /admin/core/user/6/change/ HTTP/1.1" 200 39877
INFO 2025-11-29 21:44:26,823 basehttp 81273 6217510912 "GET /static/admin/js/calendar.js HTTP/1.1" 200 8466
INFO 2025-11-29 21:44:26,823 basehttp 81273 6234337280 "GET /static/admin/js/admin/DateTimeShortcuts.js HTTP/1.1" 200 19319
INFO 2025-11-29 21:44:26,831 basehttp 81273 6200684544 "GET /admin/jsi18n/ HTTP/1.1" 200 3343
INFO 2025-11-29 21:44:26,851 basehttp 81273 6217510912 "GET /static/admin/img/icon-clock.svg HTTP/1.1" 304 0
INFO 2025-11-29 21:44:26,851 basehttp 81273 6200684544 "GET /static/admin/img/icon-calendar.svg HTTP/1.1" 200 1086
INFO 2025-11-29 21:47:28,768 basehttp 81273 6200684544 "GET /admin/core/user/ HTTP/1.1" 200 27717
INFO 2025-11-29 21:47:28,788 basehttp 81273 6200684544 "GET /admin/jsi18n/ HTTP/1.1" 200 3343
INFO 2025-11-29 21:47:30,132 basehttp 81273 6200684544 "GET /admin/core/user/6/change/ HTTP/1.1" 200 39876
INFO 2025-11-29 21:47:30,152 basehttp 81273 6200684544 "GET /admin/jsi18n/ HTTP/1.1" 200 3343
INFO 2025-11-29 21:47:33,462 basehttp 81273 6200684544 "GET /admin/core/user/6/delete/ HTTP/1.1" 200 22457
INFO 2025-11-29 21:47:34,831 basehttp 81273 6200684544 "POST /admin/core/user/6/delete/ HTTP/1.1" 302 0
INFO 2025-11-29 21:47:34,849 basehttp 81273 6200684544 "GET /admin/core/user/ HTTP/1.1" 200 27330
INFO 2025-11-29 21:47:34,866 basehttp 81273 6200684544 "GET /admin/jsi18n/ HTTP/1.1" 200 3343
WARNING 2025-11-29 21:47:58,732 auth 86107 6151712768 User creation validation failed: {'username': [ErrorDetail(string='Enter a valid username. This value may contain only letters, numbers, and @/./+/-/_ characters.', code='invalid')]}
INFO 2025-11-29 21:48:04,331 basehttp 81273 6200684544 "GET /admin/core/user/ HTTP/1.1" 200 27177
INFO 2025-11-29 21:48:04,344 basehttp 81273 6200684544 "GET /admin/jsi18n/ HTTP/1.1" 200 3343
INFO 2025-11-29 21:48:05,962 basehttp 81273 6200684544 "GET /admin/core/user/ HTTP/1.1" 200 27177
INFO 2025-11-29 21:48:05,976 basehttp 81273 6200684544 "GET /admin/jsi18n/ HTTP/1.1" 200 3343
INFO 2025-11-29 21:48:07,067 basehttp 81273 6200684544 "GET /admin/core/user/ HTTP/1.1" 200 27177
INFO 2025-11-29 21:48:07,080 basehttp 81273 6200684544 "GET /admin/jsi18n/ HTTP/1.1" 200 3343
INFO 2025-11-29 21:48:07,962 basehttp 81273 6200684544 "GET /admin/core/user/ HTTP/1.1" 200 27177
INFO 2025-11-29 21:48:07,978 basehttp 81273 6200684544 "GET /admin/jsi18n/ HTTP/1.1" 200 3343
WARNING 2025-11-29 21:48:10,621 auth 86107 6151712768 User creation validation failed: {'username': [ErrorDetail(string='Enter a valid username. This value may contain only letters, numbers, and @/./+/-/_ characters.', code='invalid')]}
WARNING 2025-11-29 21:48:44,276 auth 86107 6151712768 User creation validation failed: {'password': [ErrorDetail(string='The password is too similar to the first name.', code='password_too_similar'), ErrorDetail(string='This password is too short. It must contain at least 8 characters.', code='password_too_short')]}
INFO 2025-11-29 21:49:30,384 auth 86107 6151712768 User created successfully: fastapi
INFO 2025-11-29 21:49:35,829 basehttp 81273 6200684544 "GET /admin/core/user/ HTTP/1.1" 200 27718
INFO 2025-11-29 21:49:35,848 basehttp 81273 6200684544 "GET /admin/jsi18n/ HTTP/1.1" 200 3343
INFO 2025-11-29 21:49:37,330 basehttp 81273 6200684544 "GET /admin/core/user/7/change/ HTTP/1.1" 200 39880
INFO 2025-11-29 21:49:37,353 basehttp 81273 6200684544 "GET /admin/jsi18n/ HTTP/1.1" 200 3343
INFO 2025-11-29 21:55:24,922 apps 9868 8683061824 Main app signals imported
INFO 2025-11-29 21:55:29,127 apps 9969 8683061824 Main app signals imported
INFO 2025-11-29 21:59:09,425 apps 16366 8683061824 Main app signals imported
INFO 2025-11-29 21:59:11,845 apps 16529 8683061824 Main app signals imported
INFO 2025-11-29 21:59:57,906 apps 17868 8683061824 Main app signals imported
INFO 2025-11-29 21:59:59,956 apps 17922 8683061824 Main app signals imported
INFO 2025-11-29 22:00:12,739 basehttp 81273 6200684544 "GET /admin/core/user/7/change/ HTTP/1.1" 200 39880
INFO 2025-11-29 22:00:12,771 basehttp 81273 6200684544 "GET /admin/jsi18n/ HTTP/1.1" 200 3343
INFO 2025-11-29 22:00:16,399 basehttp 81273 6200684544 "GET /admin/core/user/ HTTP/1.1" 200 27718
INFO 2025-11-29 22:00:16,432 basehttp 81273 6200684544 "GET /admin/jsi18n/ HTTP/1.1" 200 3343
INFO 2025-11-29 22:01:05,196 apps 19804 8683061824 Main app signals imported
INFO 2025-11-29 22:01:06,872 apps 19850 8683061824 Main app signals imported
INFO 2025-11-29 22:01:10,931 basehttp 81273 6200684544 "GET /admin/core/user/2/change/ HTTP/1.1" 200 40241
INFO 2025-11-29 22:01:10,954 basehttp 81273 6200684544 "GET /admin/jsi18n/ HTTP/1.1" 200 3343
INFO 2025-11-29 22:01:13,898 basehttp 81273 6200684544 "GET /admin/core/user/ HTTP/1.1" 200 27718
INFO 2025-11-29 22:01:13,933 basehttp 81273 6200684544 "GET /admin/jsi18n/ HTTP/1.1" 200 3343
INFO 2025-11-29 22:01:17,325 basehttp 81273 6200684544 "GET /admin/core/user/2/change/ HTTP/1.1" 200 40241
INFO 2025-11-29 22:01:17,357 basehttp 81273 6200684544 "GET /admin/jsi18n/ HTTP/1.1" 200 3343
INFO 2025-11-29 22:04:40,703 auth 19850 6189608960 User 7 updated fields: ['email', 'first_name', 'last_name', 'position', 'age']
INFO 2025-11-29 22:04:46,781 basehttp 81273 6200684544 "GET /admin/core/user/ HTTP/1.1" 200 27713
INFO 2025-11-29 22:04:46,806 basehttp 81273 6200684544 "GET /admin/jsi18n/ HTTP/1.1" 200 3343
INFO 2025-11-29 22:06:48,961 basehttp 81273 6200684544 "GET /admin/core/user/3/change/ HTTP/1.1" 200 40116
INFO 2025-11-29 22:06:48,992 basehttp 81273 6200684544 "GET /admin/jsi18n/ HTTP/1.1" 200 3343
INFO 2025-11-29 22:06:53,161 basehttp 81273 6200684544 "POST /admin/core/user/3/change/ HTTP/1.1" 302 0
INFO 2025-11-29 22:06:53,186 basehttp 81273 6200684544 "GET /admin/core/user/ HTTP/1.1" 200 27907
INFO 2025-11-29 22:06:53,218 basehttp 81273 6200684544 "GET /admin/jsi18n/ HTTP/1.1" 200 3343
INFO 2025-11-29 22:07:09,169 basehttp 81273 6200684544 "GET /admin/core/user/3/change/ HTTP/1.1" 200 40108
INFO 2025-11-29 22:07:09,195 basehttp 81273 6200684544 "GET /admin/jsi18n/ HTTP/1.1" 200 3343
INFO 2025-11-29 22:07:13,547 basehttp 81273 6200684544 "POST /admin/core/user/3/change/ HTTP/1.1" 302 0
INFO 2025-11-29 22:07:13,581 basehttp 81273 6200684544 "GET /admin/core/user/ HTTP/1.1" 200 27907
INFO 2025-11-29 22:07:13,608 basehttp 81273 6200684544 "GET /admin/jsi18n/ HTTP/1.1" 200 3343
INFO 2025-11-29 22:09:14,566 apps 34216 8683061824 Main app signals imported
INFO 2025-11-29 22:09:16,683 apps 34273 8683061824 Main app signals imported
INFO 2025-11-29 22:09:54,607 apps 35442 8683061824 Main app signals imported
INFO 2025-11-29 22:09:56,073 apps 35488 8683061824 Main app signals imported
INFO 2025-11-29 22:25:00,315 basehttp 81273 6200684544 "GET /admin/main_app/englishword/ HTTP/1.1" 200 47946
INFO 2025-11-29 22:25:00,337 basehttp 81273 6200684544 "GET /admin/jsi18n/ HTTP/1.1" 200 3343
INFO 2025-11-29 22:25:40,731 basehttp 81273 6200684544 "GET /admin/main_app/englishword/72/change/ HTTP/1.1" 200 30327
INFO 2025-11-29 22:25:40,758 basehttp 81273 6200684544 "GET /admin/jsi18n/ HTTP/1.1" 200 3343
INFO 2025-11-29 22:26:04,101 basehttp 81273 6200684544 "GET /admin/main_app/englishword/72/change/ HTTP/1.1" 302 0
INFO 2025-11-29 22:26:04,119 basehttp 81273 6200684544 "GET /admin/ HTTP/1.1" 200 24955
INFO 2025-11-29 22:26:06,296 basehttp 81273 6200684544 "GET /admin/main_app/englishword/ HTTP/1.1" 200 47552
INFO 2025-11-29 22:26:06,326 basehttp 81273 6200684544 "GET /admin/jsi18n/ HTTP/1.1" 200 3343
INFO 2025-11-29 22:26:49,171 basehttp 81273 6200684544 "GET /admin/main_app/englishword/ HTTP/1.1" 200 47550
INFO 2025-11-29 22:26:49,198 basehttp 81273 6200684544 "GET /admin/jsi18n/ HTTP/1.1" 200 3343
INFO 2025-11-29 22:30:29,088 basehttp 81273 6200684544 "GET /admin/goal_app/task/ HTTP/1.1" 200 40367
INFO 2025-11-29 22:30:29,116 basehttp 81273 6200684544 "GET /admin/jsi18n/ HTTP/1.1" 200 3343
INFO 2025-11-29 22:34:13,644 apps 78220 8683061824 Main app signals imported
INFO 2025-11-29 22:34:16,545 apps 78323 8683061824 Main app signals imported
INFO 2025-11-29 22:42:23,076 apps 92495 8683061824 Main app signals imported
INFO 2025-11-29 22:42:26,293 apps 92586 8683061824 Main app signals imported
INFO 2025-11-29 22:42:34,481 basehttp 81273 6200684544 "GET /admin/goal_app/task/ HTTP/1.1" 200 40366
INFO 2025-11-29 22:42:34,505 basehttp 81273 6200684544 "GET /admin/jsi18n/ HTTP/1.1" 200 3343
INFO 2025-11-29 22:42:48,987 apps 93232 8683061824 Main app signals imported
INFO 2025-11-29 22:42:50,390 apps 93374 8683061824 Main app signals imported
INFO 2025-11-29 22:42:54,028 basehttp 81273 6200684544 "GET /admin/goal_app/task/ HTTP/1.1" 200 40366
INFO 2025-11-29 22:42:54,060 basehttp 81273 6200684544 "GET /admin/jsi18n/ HTTP/1.1" 200 3343
INFO 2025-11-29 22:44:50,635 apps 96894 8683061824 Main app signals imported
INFO 2025-11-29 22:44:52,800 apps 96949 8683061824 Main app signals imported
INFO 2025-11-29 22:46:01,147 apps 98919 8683061824 Main app signals imported
INFO 2025-11-29 22:46:03,423 apps 99072 8683061824 Main app signals imported
INFO 2025-11-29 22:46:24,320 apps 99607 8683061824 Main app signals imported
INFO 2025-11-29 22:46:25,301 apps 99730 8683061824 Main app signals imported
INFO 2025-11-29 22:50:49,651 apps 8014 8683061824 Main app signals imported
INFO 2025-11-29 22:50:49,929 apps 8015 8683061824 Main app signals imported
INFO 2025-11-29 22:50:50,853 apps 8027 8683061824 Main app signals imported
INFO 2025-11-29 22:50:51,935 apps 8119 8683061824 Main app signals imported
INFO 2025-11-29 22:50:52,287 apps 8126 8683061824 Main app signals imported
INFO 2025-11-29 22:50:54,382 apps 8272 8683061824 Main app signals imported
INFO 2025-11-29 22:51:12,336 apps 8741 8683061824 Main app signals imported
INFO 2025-11-29 22:51:13,901 apps 8791 8683061824 Main app signals imported
INFO 2025-11-29 22:52:24,504 apps 11056 8683061824 Main app signals imported
INFO 2025-11-29 22:55:48,898 apps 17098 8683061824 Main app signals imported
INFO 2025-11-29 22:55:50,087 apps 17145 8683061824 Main app signals imported
INFO 2025-11-29 22:56:32,948 basehttp 81273 6200684544 "GET /admin/goal_app/task/ HTTP/1.1" 200 40365
INFO 2025-11-29 22:56:32,995 basehttp 81273 6200684544 "GET /admin/jsi18n/ HTTP/1.1" 200 3343
INFO 2025-11-29 22:56:34,398 basehttp 81273 6200684544 "GET /admin/goal_app/goal/ HTTP/1.1" 200 27982
INFO 2025-11-29 22:56:34,432 basehttp 81273 6200684544 "GET /admin/jsi18n/ HTTP/1.1" 200 3343
INFO 2025-11-29 22:58:26,568 autoreload 81273 8683061824 /Users/meng/Desktop/Goals/core/serializers.py changed, reloading.
INFO 2025-11-29 22:58:26,845 apps 21788 8683061824 Main app signals imported
INFO 2025-11-29 22:58:26,845 apps 21746 8683061824 Main app signals imported
INFO 2025-11-29 22:58:26,848 autoreload 21788 8683061824 Watching for file changes with StatReloader
INFO 2025-11-29 22:58:28,905 apps 21829 8683061824 Main app signals imported
INFO 2025-11-29 23:07:12,491 basehttp 21788 6191411200 "GET /admin/goal_app/goal/ HTTP/1.1" 200 27983
INFO 2025-11-29 23:07:12,506 basehttp 21788 6191411200 "GET /admin/jsi18n/ HTTP/1.1" 200 3343
INFO 2025-11-29 23:07:14,494 basehttp 21788 6191411200 "GET /admin/goal_app/task/ HTTP/1.1" 200 40364
INFO 2025-11-29 23:07:14,514 basehttp 21788 6191411200 "GET /admin/jsi18n/ HTTP/1.1" 200 3343
INFO 2025-11-29 23:11:51,932 apps 45464 8683061824 Main app signals imported
INFO 2025-11-29 23:11:54,838 apps 45620 8683061824 Main app signals imported
INFO 2025-11-29 23:14:05,184 apps 49424 8683061824 Main app signals imported
INFO 2025-11-29 23:14:07,690 apps 49508 8683061824 Main app signals imported
INFO 2025-11-29 23:14:22,000 apps 49936 8683061824 Main app signals imported
INFO 2025-11-29 23:14:22,245 apps 49937 8683061824 Main app signals imported
INFO 2025-11-29 23:14:23,305 apps 49948 8683061824 Main app signals imported
INFO 2025-11-29 23:14:29,900 apps 50189 8683061824 Main app signals imported
INFO 2025-11-29 23:14:31,307 apps 50237 8683061824 Main app signals imported
INFO 2025-11-29 23:15:01,705 basehttp 21788 6191411200 "GET /admin/goal_app/task/ HTTP/1.1" 200 40366
INFO 2025-11-29 23:15:01,724 basehttp 21788 6191411200 "GET /admin/jsi18n/ HTTP/1.1" 200 3343
INFO 2025-11-29 23:15:32,748 apps 52054 8683061824 Main app signals imported
INFO 2025-11-29 23:15:33,945 apps 52069 8683061824 Main app signals imported
INFO 2025-11-29 23:22:52,051 apps 64856 8683061824 Main app signals imported
INFO 2025-11-29 23:22:53,966 apps 64976 8683061824 Main app signals imported
INFO 2025-11-29 23:23:03,789 apps 65307 8683061824 Main app signals imported
INFO 2025-11-29 23:23:04,140 apps 65308 8683061824 Main app signals imported
INFO 2025-11-29 23:23:05,435 apps 65317 8683061824 Main app signals imported
INFO 2025-11-29 23:23:34,999 apps 66157 8683061824 Main app signals imported
INFO 2025-11-29 23:23:36,356 apps 66289 8683061824 Main app signals imported
INFO 2025-11-29 23:24:20,857 apps 67557 8683061824 Main app signals imported
INFO 2025-11-29 23:24:22,446 apps 67619 8683061824 Main app signals imported
INFO 2025-11-29 23:29:31,160 basehttp 21788 6191411200 "GET /admin/goal_app/goal/ HTTP/1.1" 200 27982
INFO 2025-11-29 23:29:31,198 basehttp 21788 6191411200 "GET /admin/jsi18n/ HTTP/1.1" 200 3343
INFO 2025-11-29 23:29:32,950 basehttp 21788 6191411200 "GET /admin/goal_app/task/ HTTP/1.1" 200 40364
INFO 2025-11-29 23:29:32,977 basehttp 21788 6191411200 "GET /admin/jsi18n/ HTTP/1.1" 200 3343
INFO 2025-11-29 23:29:35,043 basehttp 21788 6191411200 "GET /admin/goal_app/task/add/ HTTP/1.1" 200 30688
INFO 2025-11-29 23:29:35,073 basehttp 21788 6191411200 "GET /admin/jsi18n/ HTTP/1.1" 200 3343
INFO 2025-11-29 23:29:50,661 basehttp 21788 6191411200 "POST /admin/goal_app/task/add/ HTTP/1.1" 302 0
INFO 2025-11-29 23:29:50,738 basehttp 21788 6191411200 "GET /admin/goal_app/task/ HTTP/1.1" 200 41093
INFO 2025-11-29 23:29:50,767 basehttp 21788 6191411200 "GET /admin/jsi18n/ HTTP/1.1" 200 3343
INFO 2025-11-29 23:58:13,004 basehttp 21788 6191411200 "GET /admin/goal_app/task/ HTTP/1.1" 200 40882
INFO 2025-11-29 23:58:13,019 basehttp 21788 6191411200 "GET /admin/jsi18n/ HTTP/1.1" 200 3343
INFO 2025-11-29 23:58:14,604 basehttp 21788 6191411200 "GET /admin/main_app/englishword/ HTTP/1.1" 200 47552
INFO 2025-11-29 23:58:14,633 basehttp 21788 6191411200 "GET /admin/jsi18n/ HTTP/1.1" 200 3343
INFO 2025-11-29 23:58:15,512 basehttp 21788 6191411200 "GET /admin/goal_app/goal/ HTTP/1.1" 200 27982
INFO 2025-11-29 23:58:15,536 basehttp 21788 6191411200 "GET /admin/jsi18n/ HTTP/1.1" 200 3343
INFO 2025-11-30 00:36:04,782 basehttp 21788 6191411200 "GET /admin/goal_app/goal/ HTTP/1.1" 200 27982
INFO 2025-11-30 00:36:04,817 basehttp 21788 6191411200 "GET /admin/jsi18n/ HTTP/1.1" 200 3343
INFO 2025-11-30 00:36:06,792 basehttp 21788 6191411200 "GET /admin/goal_app/goal/ HTTP/1.1" 200 27982
INFO 2025-11-30 00:36:06,812 basehttp 21788 6191411200 "GET /admin/jsi18n/ HTTP/1.1" 200 3343
INFO 2025-11-30 00:36:07,430 basehttp 21788 6191411200 "GET /admin/goal_app/task/ HTTP/1.1" 200 40883
INFO 2025-11-30 00:36:07,460 basehttp 21788 6191411200 "GET /admin/jsi18n/ HTTP/1.1" 200 3343
INFO 2025-11-30 00:36:10,382 basehttp 21788 6191411200 "GET /admin/main_app/tag/ HTTP/1.1" 200 25102
INFO 2025-11-30 00:36:11,882 basehttp 21788 6191411200 "GET /admin/main_app/englishword/ HTTP/1.1" 200 47552
INFO 2025-11-30 00:36:11,910 basehttp 21788 6191411200 "GET /admin/jsi18n/ HTTP/1.1" 200 3343
INFO 2025-11-30 00:36:13,417 basehttp 21788 6191411200 "GET /admin/goal_app/task/ HTTP/1.1" 200 40883
INFO 2025-11-30 00:36:13,443 basehttp 21788 6191411200 "GET /admin/jsi18n/ HTTP/1.1" 200 3343
INFO 2025-11-30 00:36:13,840 basehttp 21788 6191411200 "GET /admin/goal_app/tag/ HTTP/1.1" 200 25039
INFO 2025-11-30 16:30:16,271 basehttp 21788 6191411200 "GET /admin/goal_app/tag/ HTTP/1.1" 200 25040
ERROR 2025-11-30 16:48:36,737 auth 67619 6130069504 Authentication error for user meng: (2013, 'Lost connection to MySQL server during query')
ERROR 2025-11-30 16:48:51,625 auth 67619 6130069504 Authentication error for user meng: (2013, 'Lost connection to MySQL server during query')
INFO 2025-11-30 16:48:58,191 basehttp 21788 6191411200 "GET /admin/core/user/ HTTP/1.1" 200 27713
INFO 2025-11-30 16:48:58,228 basehttp 21788 6191411200 "GET /admin/jsi18n/ HTTP/1.1" 200 3343
ERROR 2025-11-30 16:49:14,022 auth 67619 6130069504 Authentication error for user Meng: (2013, 'Lost connection to MySQL server during query')
INFO 2025-11-30 16:49:22,278 basehttp 21788 6191411200 "GET /admin/core/user/2/change/ HTTP/1.1" 200 40241
INFO 2025-11-30 16:49:22,303 basehttp 21788 6191411200 "GET /admin/jsi18n/ HTTP/1.1" 200 3343
ERROR 2025-11-30 16:49:57,118 auth 67619 6130069504 Authentication error for user Meng: (2013, 'Lost connection to MySQL server during query')
ERROR 2025-11-30 16:50:08,830 auth 67619 6130069504 Authentication error for user Meng: (2013, 'Lost connection to MySQL server during query')
ERROR 2025-11-30 16:50:22,409 auth 67619 6130069504 Authentication error for user 970701350@qq.com: (2013, 'Lost connection to MySQL server during query')
ERROR 2025-11-30 16:50:32,495 auth 67619 6130069504 Authentication error for user meng: (2013, 'Lost connection to MySQL server during query')
INFO 2025-11-30 16:50:49,798 basehttp 21788 6191411200 "GET /admin/password_change/ HTTP/1.1" 200 22438
INFO 2025-11-30 16:51:07,006 basehttp 21788 6191411200 "POST /admin/password_change/ HTTP/1.1" 302 0
INFO 2025-11-30 16:51:07,018 basehttp 21788 6191411200 "GET /admin/password_change/done/ HTTP/1.1" 200 20845
ERROR 2025-11-30 16:51:52,051 auth 67619 6130069504 Authentication error for user meng: (2013, 'Lost connection to MySQL server during query')
INFO 2025-11-30 16:52:07,344 basehttp 21788 6191411200 "GET /admin/core/user/ HTTP/1.1" 200 27713
INFO 2025-11-30 16:52:07,376 basehttp 21788 6191411200 "GET /admin/jsi18n/ HTTP/1.1" 200 3343
INFO 2025-11-30 16:52:08,740 basehttp 21788 6191411200 "GET /admin/core/user/ HTTP/1.1" 200 27713
INFO 2025-11-30 16:52:08,773 basehttp 21788 6191411200 "GET /admin/jsi18n/ HTTP/1.1" 200 3343
INFO 2025-11-30 16:52:10,256 basehttp 21788 6191411200 "GET /admin/core/user/2/change/ HTTP/1.1" 200 40242
INFO 2025-11-30 16:52:10,281 basehttp 21788 6191411200 "GET /admin/jsi18n/ HTTP/1.1" 200 3343
ERROR 2025-11-30 16:52:31,021 auth 67619 6130069504 Authentication error for user Meng: (2013, 'Lost connection to MySQL server during query')
INFO 2025-11-30 16:52:53,329 basehttp 21788 6191411200 "GET /admin/core/user/ HTTP/1.1" 200 27713
INFO 2025-11-30 16:52:53,350 basehttp 21788 6191411200 "GET /admin/jsi18n/ HTTP/1.1" 200 3343
INFO 2025-11-30 16:52:54,981 basehttp 21788 6191411200 "GET /admin/core/user/2/change/ HTTP/1.1" 200 40241
INFO 2025-11-30 16:52:55,004 basehttp 21788 6191411200 "GET /admin/jsi18n/ HTTP/1.1" 200 3343
INFO 2025-11-30 16:53:17,910 autoreload 21788 8683061824 /Users/meng/Desktop/Goals/goal_app/__init__.py changed, reloading.
INFO 2025-11-30 16:53:17,978 apps 55998 8683061824 Main app signals imported
INFO 2025-11-30 16:53:18,149 apps 55999 8683061824 Main app signals imported
INFO 2025-11-30 16:53:18,154 autoreload 55999 8683061824 Watching for file changes with StatReloader
INFO 2025-11-30 16:53:21,005 apps 56064 8683061824 Main app signals imported
INFO 2025-11-30 16:53:34,712 basehttp 55999 6164525056 "GET /admin/password_change/ HTTP/1.1" 200 22438
INFO 2025-11-30 16:53:52,848 basehttp 55999 6164525056 "POST /admin/password_change/ HTTP/1.1" 302 0
INFO 2025-11-30 16:53:52,861 basehttp 55999 6164525056 "GET /admin/password_change/done/ HTTP/1.1" 200 20845
INFO 2025-11-30 16:55:52,087 basehttp 55999 6164525056 "GET /admin/goal_app/goal/ HTTP/1.1" 200 27973
INFO 2025-11-30 16:55:52,109 basehttp 55999 6164525056 "GET /admin/jsi18n/ HTTP/1.1" 200 3343
INFO 2025-11-30 16:58:26,927 basehttp 55999 6164525056 "GET /admin/goal_app/goal/ HTTP/1.1" 200 29510
INFO 2025-11-30 16:58:26,957 basehttp 55999 6164525056 "GET /admin/jsi18n/ HTTP/1.1" 200 3343
INFO 2025-11-30 16:58:34,553 basehttp 55999 6164525056 "GET /admin/goal_app/goal/10/change/ HTTP/1.1" 200 35514
INFO 2025-11-30 16:58:34,575 basehttp 55999 6164525056 "GET /admin/jsi18n/ HTTP/1.1" 200 3343
INFO 2025-11-30 16:58:40,551 basehttp 55999 6164525056 "GET /admin/main_app/englishword/ HTTP/1.1" 200 47552
INFO 2025-11-30 16:58:40,581 basehttp 55999 6164525056 "GET /admin/jsi18n/ HTTP/1.1" 200 3343
INFO 2025-11-30 16:58:42,251 basehttp 55999 6164525056 "GET /admin/goal_app/goal/ HTTP/1.1" 200 29510
INFO 2025-11-30 16:58:42,282 basehttp 55999 6164525056 "GET /admin/jsi18n/ HTTP/1.1" 200 3343
INFO 2025-11-30 16:58:46,721 basehttp 55999 6164525056 "GET /admin/goal_app/goal/16/change/ HTTP/1.1" 200 35557
INFO 2025-11-30 16:58:46,744 basehttp 55999 6164525056 "GET /admin/jsi18n/ HTTP/1.1" 200 3343
INFO 2025-11-30 16:58:51,147 basehttp 55999 6164525056 "POST /admin/goal_app/goal/16/change/ HTTP/1.1" 302 0
INFO 2025-11-30 16:58:51,188 basehttp 55999 6164525056 "GET /admin/goal_app/goal/ HTTP/1.1" 200 29741
INFO 2025-11-30 16:58:51,211 basehttp 55999 6164525056 "GET /admin/jsi18n/ HTTP/1.1" 200 3343
INFO 2025-11-30 16:58:53,582 basehttp 55999 6164525056 "GET /admin/goal_app/goal/15/change/ HTTP/1.1" 200 35629
INFO 2025-11-30 16:58:53,610 basehttp 55999 6164525056 "GET /admin/jsi18n/ HTTP/1.1" 200 3343
INFO 2025-11-30 16:58:57,693 basehttp 55999 6164525056 "POST /admin/goal_app/goal/15/change/ HTTP/1.1" 302 0
INFO 2025-11-30 16:58:57,731 basehttp 55999 6164525056 "GET /admin/goal_app/goal/ HTTP/1.1" 200 29762
INFO 2025-11-30 16:58:57,765 basehttp 55999 6164525056 "GET /admin/jsi18n/ HTTP/1.1" 200 3343
INFO 2025-11-30 16:59:00,191 basehttp 55999 6164525056 "GET /admin/goal_app/goal/14/change/ HTTP/1.1" 200 35661
INFO 2025-11-30 16:59:00,217 basehttp 55999 6164525056 "GET /admin/jsi18n/ HTTP/1.1" 200 3343
INFO 2025-11-30 16:59:03,384 basehttp 55999 6164525056 "POST /admin/goal_app/goal/14/change/ HTTP/1.1" 302 0
INFO 2025-11-30 16:59:03,419 basehttp 55999 6164525056 "GET /admin/goal_app/goal/ HTTP/1.1" 200 29773
INFO 2025-11-30 16:59:03,443 basehttp 55999 6164525056 "GET /admin/jsi18n/ HTTP/1.1" 200 3343
INFO 2025-11-30 16:59:05,619 basehttp 55999 6164525056 "GET /admin/goal_app/goal/10/change/ HTTP/1.1" 200 35514
INFO 2025-11-30 16:59:05,642 basehttp 55999 6164525056 "GET /admin/jsi18n/ HTTP/1.1" 200 3343
INFO 2025-11-30 16:59:08,162 basehttp 55999 6164525056 "POST /admin/goal_app/goal/10/change/ HTTP/1.1" 302 0
INFO 2025-11-30 16:59:08,199 basehttp 55999 6164525056 "GET /admin/goal_app/goal/ HTTP/1.1" 200 29769
INFO 2025-11-30 16:59:08,225 basehttp 55999 6164525056 "GET /admin/jsi18n/ HTTP/1.1" 200 3343
INFO 2025-11-30 16:59:56,991 basehttp 55999 6164525056 "GET /admin/goal_app/goal/ HTTP/1.1" 200 29545
INFO 2025-11-30 16:59:57,016 basehttp 55999 6164525056 "GET /admin/jsi18n/ HTTP/1.1" 200 3343
INFO 2025-11-30 17:30:58,136 basehttp 55999 6164525056 "GET /admin/main_app/englishword/ HTTP/1.1" 200 47552
INFO 2025-11-30 17:30:58,166 basehttp 55999 6164525056 "GET /admin/jsi18n/ HTTP/1.1" 200 3343
INFO 2025-11-30 17:31:01,252 basehttp 55999 6164525056 "GET /admin/main_app/englishword/add/ HTTP/1.1" 200 28886
INFO 2025-11-30 17:31:01,273 basehttp 55999 6164525056 "GET /admin/jsi18n/ HTTP/1.1" 200 3343
INFO 2025-11-30 17:31:12,846 basehttp 55999 6164525056 "POST /admin/main_app/englishword/add/ HTTP/1.1" 302 0
INFO 2025-11-30 17:31:12,969 basehttp 55999 6164525056 "GET /admin/main_app/englishword/ HTTP/1.1" 200 48159
INFO 2025-11-30 17:31:12,999 basehttp 55999 6164525056 "GET /admin/jsi18n/ HTTP/1.1" 200 3343
INFO 2025-11-30 17:35:08,173 basehttp 55999 6164525056 "GET /admin/main_app/englishword/ HTTP/1.1" 200 47946
INFO 2025-11-30 17:35:08,205 basehttp 55999 6164525056 "GET /admin/jsi18n/ HTTP/1.1" 200 3343
INFO 2025-11-30 17:57:14,494 apps 65864 8683061824 Main app signals imported
INFO 2025-11-30 17:57:14,606 autoreload 55999 8683061824 /Users/meng/Desktop/Goals/goal_app/__init__.py changed, reloading.
INFO 2025-11-30 17:57:14,847 apps 65866 8683061824 Main app signals imported
INFO 2025-11-30 17:57:14,851 autoreload 65866 8683061824 Watching for file changes with StatReloader
INFO 2025-11-30 17:57:16,231 apps 65881 8683061824 Main app signals imported
INFO 2025-11-30 18:02:29,178 autoreload 65866 8683061824 /Users/meng/Desktop/Goals/goal_app/__init__.py changed, reloading.
INFO 2025-11-30 18:02:29,442 apps 75039 8683061824 Main app signals imported
INFO 2025-11-30 18:02:29,442 apps 75040 8683061824 Main app signals imported
INFO 2025-11-30 18:02:29,444 autoreload 75040 8683061824 Watching for file changes with StatReloader
INFO 2025-11-30 18:02:31,536 apps 75098 8683061824 Main app signals imported
INFO 2025-11-30 20:55:07,353 basehttp 75040 6131003392 "GET /admin/goal_app/task/ HTTP/1.1" 200 40883
INFO 2025-11-30 20:55:07,383 basehttp 75040 6131003392 "GET /admin/jsi18n/ HTTP/1.1" 200 3343
INFO 2025-11-30 20:55:10,413 basehttp 75040 6131003392 "GET /admin/goal_app/task/add/ HTTP/1.1" 200 30687
INFO 2025-11-30 20:55:10,433 basehttp 75040 6131003392 "GET /admin/jsi18n/ HTTP/1.1" 200 3343
INFO 2025-11-30 20:55:20,256 basehttp 75040 6131003392 "GET /admin/goal_app/task/ HTTP/1.1" 200 40881
INFO 2025-11-30 20:55:20,283 basehttp 75040 6131003392 "GET /admin/jsi18n/ HTTP/1.1" 200 3343
INFO 2025-11-30 20:55:23,175 basehttp 75040 6131003392 "GET /admin/goal_app/task/?q=paypa HTTP/1.1" 200 28599
INFO 2025-11-30 20:55:23,208 basehttp 75040 6131003392 "GET /admin/jsi18n/ HTTP/1.1" 200 3343
INFO 2025-11-30 22:12:39,879 basehttp 75040 6131003392 "GET /admin/goal_app/task/?q=paypa HTTP/1.1" 200 28599
INFO 2025-11-30 22:12:39,904 basehttp 75040 6131003392 "GET /admin/jsi18n/ HTTP/1.1" 200 3343
INFO 2025-11-30 22:16:44,918 apps 1971 8365326912 Main app signals imported
INFO 2025-11-30 22:17:50,547 apps 4366 8365326912 Main app signals imported
INFO 2025-11-30 22:18:21,438 apps 5320 8365326912 Main app signals imported
INFO 2025-11-30 22:18:21,600 apps 5345 8365326912 Main app signals imported
INFO 2025-11-30 22:18:21,601 autoreload 5345 8365326912 Watching for file changes with StatReloader
INFO 2025-11-30 22:18:25,505 basehttp 5345 6159642624 "GET /admin/ HTTP/1.1" 200 24810
WARNING 2025-11-30 22:18:25,547 log 5345 6159642624 Not Found: /favicon.ico
WARNING 2025-11-30 22:18:25,547 basehttp 5345 6159642624 "GET /favicon.ico HTTP/1.1" 404 16047
INFO 2025-11-30 22:25:40,709 basehttp 5345 6159642624 "GET /admin/ HTTP/1.1" 200 24809
INFO 2025-11-30 22:55:48,660 basehttp 5345 6159642624 "GET /admin/ HTTP/1.1" 200 24809
INFO 2025-11-30 22:55:55,329 basehttp 5345 6159642624 "GET /admin/ HTTP/1.1" 200 24809
INFO 2025-11-30 22:56:01,215 basehttp 5345 6159642624 "GET /admin/goal_app/goal/ HTTP/1.1" 200 29546
INFO 2025-11-30 22:56:01,246 basehttp 5345 6159642624 "GET /admin/jsi18n/ HTTP/1.1" 200 3343
INFO 2025-12-01 10:45:16,319 basehttp 5345 6159642624 "GET /admin/core/user/ HTTP/1.1" 200 27714
INFO 2025-12-01 10:45:16,359 basehttp 5345 6159642624 "GET /admin/jsi18n/ HTTP/1.1" 200 3343
INFO 2025-12-01 10:45:17,252 basehttp 5345 6159642624 "GET /admin/goal_app/goal/ HTTP/1.1" 200 29545
INFO 2025-12-01 10:45:17,273 basehttp 5345 6159642624 "GET /admin/jsi18n/ HTTP/1.1" 200 3343
INFO 2025-12-01 10:45:17,951 basehttp 5345 6159642624 "GET /admin/goal_app/task/ HTTP/1.1" 200 40883
INFO 2025-12-01 10:45:17,973 basehttp 5345 6159642624 "GET /admin/jsi18n/ HTTP/1.1" 200 3343
INFO 2025-12-01 10:45:19,216 basehttp 5345 6159642624 "GET /admin/goal_app/tag/ HTTP/1.1" 200 25039
INFO 2025-12-01 10:45:19,985 basehttp 5345 6159642624 "GET /admin/goal_app/goal/ HTTP/1.1" 200 29545
INFO 2025-12-01 10:45:20,017 basehttp 5345 6159642624 "GET /admin/jsi18n/ HTTP/1.1" 200 3343
INFO 2025-12-01 10:55:34,086 basehttp 5345 6159642624 "GET /admin/goal_app/goal/ HTTP/1.1" 200 29545
INFO 2025-12-01 10:55:34,108 basehttp 5345 6159642624 "GET /admin/jsi18n/ HTTP/1.1" 200 3343
INFO 2025-12-01 11:03:32,445 basehttp 5345 6159642624 "GET /admin/goal_app/goal/ HTTP/1.1" 200 29545
INFO 2025-12-01 11:03:32,468 basehttp 5345 6159642624 "GET /admin/jsi18n/ HTTP/1.1" 200 3343
INFO 2025-12-01 11:23:16,054 basehttp 5345 6159642624 "GET /admin/goal_app/goal/ HTTP/1.1" 200 29545
INFO 2025-12-01 11:23:16,088 basehttp 5345 6159642624 "GET /admin/jsi18n/ HTTP/1.1" 200 3343
INFO 2025-12-01 11:23:17,671 basehttp 5345 6159642624 "GET /admin/goal_app/goal/ HTTP/1.1" 200 29545
INFO 2025-12-01 11:23:17,690 basehttp 5345 6159642624 "GET /admin/jsi18n/ HTTP/1.1" 200 3343
INFO 2025-12-01 11:23:18,718 basehttp 5345 6159642624 "GET /admin/goal_app/task/ HTTP/1.1" 200 40881
INFO 2025-12-01 11:23:18,741 basehttp 5345 6159642624 "GET /admin/jsi18n/ HTTP/1.1" 200 3343
INFO 2025-12-01 11:23:21,606 basehttp 5345 6159642624 "GET /admin/goal_app/goal/ HTTP/1.1" 200 29545
INFO 2025-12-01 11:23:21,640 basehttp 5345 6159642624 "GET /admin/jsi18n/ HTTP/1.1" 200 3343
INFO 2025-12-01 11:23:22,350 basehttp 5345 6159642624 "GET /admin/main_app/tag/ HTTP/1.1" 200 25102
INFO 2025-12-01 11:23:23,184 basehttp 5345 6159642624 "GET /admin/main_app/englishword/ HTTP/1.1" 200 47946
INFO 2025-12-01 11:23:23,210 basehttp 5345 6159642624 "GET /admin/jsi18n/ HTTP/1.1" 200 3343
INFO 2025-12-01 11:23:24,230 basehttp 5345 6159642624 "GET /admin/goal_app/goal/ HTTP/1.1" 200 29545
INFO 2025-12-01 11:23:24,261 basehttp 5345 6159642624 "GET /admin/jsi18n/ HTTP/1.1" 200 3343
INFO 2025-12-01 11:23:27,684 basehttp 5345 6159642624 "GET /admin/goal_app/task/ HTTP/1.1" 200 40880
INFO 2025-12-01 11:23:27,703 basehttp 5345 6159642624 "GET /admin/jsi18n/ HTTP/1.1" 200 3343
INFO 2025-12-01 11:23:28,413 basehttp 5345 6159642624 "GET /admin/goal_app/tag/ HTTP/1.1" 200 25039
INFO 2025-12-01 11:23:30,853 basehttp 5345 6159642624 "GET /admin/goal_app/goal/ HTTP/1.1" 200 29545
INFO 2025-12-01 11:23:30,888 basehttp 5345 6159642624 "GET /admin/jsi18n/ HTTP/1.1" 200 3343
INFO 2025-12-01 11:24:17,965 basehttp 5345 6159642624 "GET /admin/main_app/tag/ HTTP/1.1" 200 25102
INFO 2025-12-01 11:24:19,025 basehttp 5345 6159642624 "GET /admin/main_app/englishword/ HTTP/1.1" 200 47946
INFO 2025-12-01 11:24:19,052 basehttp 5345 6159642624 "GET /admin/jsi18n/ HTTP/1.1" 200 3343
INFO 2025-12-01 11:24:19,880 basehttp 5345 6159642624 "GET /admin/goal_app/goal/ HTTP/1.1" 200 29545
INFO 2025-12-01 11:24:19,908 basehttp 5345 6159642624 "GET /admin/jsi18n/ HTTP/1.1" 200 3343
INFO 2025-12-01 11:24:20,564 basehttp 5345 6159642624 "GET /admin/goal_app/task/ HTTP/1.1" 200 40880
INFO 2025-12-01 11:24:20,584 basehttp 5345 6159642624 "GET /admin/jsi18n/ HTTP/1.1" 200 3343
INFO 2025-12-01 11:24:21,198 basehttp 5345 6159642624 "GET /admin/goal_app/tag/ HTTP/1.1" 200 25039
INFO 2025-12-01 11:24:21,959 basehttp 5345 6159642624 "GET /admin/goal_app/task/ HTTP/1.1" 200 40881
INFO 2025-12-01 11:24:21,988 basehttp 5345 6159642624 "GET /admin/jsi18n/ HTTP/1.1" 200 3343
INFO 2025-12-01 11:24:22,856 basehttp 5345 6159642624 "GET /admin/goal_app/goal/ HTTP/1.1" 200 29545
INFO 2025-12-01 11:24:22,876 basehttp 5345 6159642624 "GET /admin/jsi18n/ HTTP/1.1" 200 3343
INFO 2025-12-01 11:24:23,697 basehttp 5345 6159642624 "GET /admin/main_app/tag/ HTTP/1.1" 200 25102
INFO 2025-12-01 11:24:25,175 basehttp 5345 6159642624 "GET /admin/main_app/englishword/ HTTP/1.1" 200 47946
INFO 2025-12-01 11:24:25,201 basehttp 5345 6159642624 "GET /admin/jsi18n/ HTTP/1.1" 200 3343
INFO 2025-12-01 11:24:45,759 basehttp 5345 6159642624 "GET /admin/main_app/englishword/ HTTP/1.1" 200 47946
INFO 2025-12-01 11:24:45,787 basehttp 5345 6159642624 "GET /admin/jsi18n/ HTTP/1.1" 200 3343
INFO 2025-12-01 11:24:46,955 basehttp 5345 6159642624 "GET /admin/core/user/ HTTP/1.1" 200 27713
INFO 2025-12-01 11:24:46,982 basehttp 5345 6159642624 "GET /admin/jsi18n/ HTTP/1.1" 200 3343
INFO 2025-12-01 11:24:47,901 basehttp 5345 6159642624 "GET /admin/goal_app/tag/ HTTP/1.1" 200 25039
INFO 2025-12-01 11:24:48,958 basehttp 5345 6159642624 "GET /admin/goal_app/task/ HTTP/1.1" 200 40883
INFO 2025-12-01 11:24:48,986 basehttp 5345 6159642624 "GET /admin/jsi18n/ HTTP/1.1" 200 3343
INFO 2025-12-01 11:24:49,596 basehttp 5345 6159642624 "GET /admin/goal_app/goal/ HTTP/1.1" 200 29545
INFO 2025-12-01 11:24:49,630 basehttp 5345 6159642624 "GET /admin/jsi18n/ HTTP/1.1" 200 3343
INFO 2025-12-01 11:24:50,443 basehttp 5345 6159642624 "GET /admin/goal_app/task/ HTTP/1.1" 200 40881
INFO 2025-12-01 11:24:50,473 basehttp 5345 6159642624 "GET /admin/jsi18n/ HTTP/1.1" 200 3343
INFO 2025-12-01 11:24:51,784 basehttp 5345 6159642624 "GET /admin/goal_app/tag/ HTTP/1.1" 200 25039
INFO 2025-12-01 11:24:52,417 basehttp 5345 6159642624 "GET /admin/goal_app/task/ HTTP/1.1" 200 40881
INFO 2025-12-01 11:24:52,434 basehttp 5345 6159642624 "GET /admin/jsi18n/ HTTP/1.1" 200 3343
INFO 2025-12-01 11:24:53,217 basehttp 5345 6159642624 "GET /admin/goal_app/goal/ HTTP/1.1" 200 29545
INFO 2025-12-01 11:24:53,235 basehttp 5345 6159642624 "GET /admin/jsi18n/ HTTP/1.1" 200 3343
INFO 2025-12-01 11:24:54,036 basehttp 5345 6159642624 "GET /admin/main_app/tag/ HTTP/1.1" 200 25102
INFO 2025-12-01 11:24:54,995 basehttp 5345 6159642624 "GET /admin/main_app/englishword/ HTTP/1.1" 200 47946
INFO 2025-12-01 11:24:55,015 basehttp 5345 6159642624 "GET /admin/jsi18n/ HTTP/1.1" 200 3343
INFO 2025-12-01 11:44:27,215 apps 57090 8365326912 Main app signals imported
INFO 2025-12-01 11:44:27,398 autoreload 5345 8365326912 /Users/meng/Desktop/Goals/goal_app/__init__.py changed, reloading.
INFO 2025-12-01 11:44:27,670 apps 57166 8365326912 Main app signals imported
INFO 2025-12-01 11:44:27,674 autoreload 57166 8365326912 Watching for file changes with StatReloader
INFO 2025-12-01 11:44:29,491 apps 57253 8365326912 Main app signals imported
INFO 2025-12-01 11:44:38,361 basehttp 57166 6129823744 "GET /admin/main_app/englishword/ HTTP/1.1" 200 47946
INFO 2025-12-01 11:44:38,385 basehttp 57166 6129823744 "GET /admin/jsi18n/ HTTP/1.1" 200 3343
INFO 2025-12-01 11:44:41,945 basehttp 57166 6129823744 "GET /admin/main_app/englishword/ HTTP/1.1" 200 47944
INFO 2025-12-01 11:44:41,970 basehttp 57166 6129823744 "GET /admin/jsi18n/ HTTP/1.1" 200 3343
INFO 2025-12-01 12:01:50,990 apps 87586 8365326912 Main app signals imported
INFO 2025-12-01 12:01:51,089 autoreload 57166 8365326912 /Users/meng/Desktop/Goals/goal_app/__init__.py changed, reloading.
INFO 2025-12-01 12:01:51,307 apps 87622 8365326912 Main app signals imported
INFO 2025-12-01 12:01:51,309 autoreload 87622 8365326912 Watching for file changes with StatReloader
INFO 2025-12-01 12:01:52,682 apps 87635 8365326912 Main app signals imported
INFO 2025-12-01 14:45:10,780 basehttp 87622 6124728320 "GET /admin/main_app/englishword/ HTTP/1.1" 200 47946
INFO 2025-12-01 14:45:10,810 basehttp 87622 6124728320 "GET /admin/jsi18n/ HTTP/1.1" 200 3343
INFO 2025-12-03 22:42:48,147 basehttp 87622 6124728320 "GET /admin/ HTTP/1.1" 200 24810
INFO 2025-12-03 22:42:48,160 basehttp 87622 6124728320 "GET /static/admin/img/icon-addlink.svg HTTP/1.1" 304 0
INFO 2025-12-03 22:42:50,870 basehttp 87622 6124728320 "GET /admin/main_app/englishword/ HTTP/1.1" 200 47945
INFO 2025-12-03 22:42:50,887 basehttp 87622 6141554688 "GET /static/admin/css/changelists.css HTTP/1.1" 304 0
INFO 2025-12-03 22:42:50,888 basehttp 87622 6158381056 "GET /static/admin/js/jquery.init.js HTTP/1.1" 304 0
INFO 2025-12-03 22:42:50,889 basehttp 87622 13052751872 "GET /static/admin/js/admin/RelatedObjectLookups.js HTTP/1.1" 304 0
INFO 2025-12-03 22:42:50,889 basehttp 87622 13035925504 "GET /static/admin/js/core.js HTTP/1.1" 304 0
INFO 2025-12-03 22:42:50,890 basehttp 87622 13069578240 "GET /static/admin/js/actions.js HTTP/1.1" 304 0
INFO 2025-12-03 22:42:50,891 basehttp 87622 6141554688 "GET /static/admin/js/vendor/jquery/jquery.js HTTP/1.1" 304 0
INFO 2025-12-03 22:42:50,891 basehttp 87622 13052751872 "GET /static/admin/js/prepopulate.js HTTP/1.1" 304 0
INFO 2025-12-03 22:42:50,891 basehttp 87622 6158381056 "GET /static/admin/js/urlify.js HTTP/1.1" 304 0
INFO 2025-12-03 22:42:50,892 basehttp 87622 6141554688 "GET /static/admin/img/search.svg HTTP/1.1" 304 0
INFO 2025-12-03 22:42:50,892 basehttp 87622 13035925504 "GET /static/admin/js/vendor/xregexp/xregexp.js HTTP/1.1" 304 0
INFO 2025-12-03 22:42:50,897 basehttp 87622 13035925504 "GET /static/admin/js/filters.js HTTP/1.1" 304 0
INFO 2025-12-03 22:42:50,899 basehttp 87622 6124728320 "GET /admin/jsi18n/ HTTP/1.1" 200 3343
INFO 2025-12-03 22:42:50,910 basehttp 87622 13035925504 "GET /static/admin/img/sorting-icons.svg HTTP/1.1" 304 0
INFO 2025-12-03 22:42:50,911 basehttp 87622 6124728320 "GET /static/admin/img/tooltag-add.svg HTTP/1.1" 304 0
INFO 2025-12-03 22:42:53,300 basehttp 87622 6124728320 "GET /admin/main_app/englishword/add/ HTTP/1.1" 200 28886
INFO 2025-12-03 22:42:53,335 basehttp 87622 6124728320 "GET /admin/jsi18n/ HTTP/1.1" 200 3343
INFO 2025-12-03 22:43:13,382 basehttp 87622 6124728320 "POST /admin/main_app/englishword/add/ HTTP/1.1" 302 0
INFO 2025-12-03 22:43:13,514 basehttp 87622 6124728320 "GET /admin/main_app/englishword/ HTTP/1.1" 200 48553
INFO 2025-12-03 22:43:13,543 basehttp 87622 6124728320 "GET /admin/jsi18n/ HTTP/1.1" 200 3343
INFO 2025-12-03 22:43:17,580 basehttp 87622 6124728320 "GET /admin/main_app/englishword/add/ HTTP/1.1" 200 28886
INFO 2025-12-03 22:43:17,604 basehttp 87622 6124728320 "GET /admin/jsi18n/ HTTP/1.1" 200 3343
INFO 2025-12-03 22:43:46,611 basehttp 87622 6124728320 "POST /admin/main_app/englishword/add/ HTTP/1.1" 302 0
INFO 2025-12-03 22:43:46,713 basehttp 87622 6124728320 "GET /admin/main_app/englishword/ HTTP/1.1" 200 48999
INFO 2025-12-03 22:43:46,734 basehttp 87622 6124728320 "GET /admin/jsi18n/ HTTP/1.1" 200 3343
INFO 2025-12-03 22:43:48,793 basehttp 87622 6124728320 "GET /admin/main_app/englishword/add/ HTTP/1.1" 200 28886
INFO 2025-12-03 22:43:48,814 basehttp 87622 6124728320 "GET /admin/jsi18n/ HTTP/1.1" 200 3343
INFO 2025-12-03 22:44:38,516 basehttp 87622 6124728320 "POST /admin/main_app/englishword/add/ HTTP/1.1" 302 0
INFO 2025-12-03 22:44:38,619 basehttp 87622 6124728320 "GET /admin/main_app/englishword/ HTTP/1.1" 200 49431
INFO 2025-12-03 22:44:38,641 basehttp 87622 6124728320 "GET /admin/jsi18n/ HTTP/1.1" 200 3343
INFO 2025-12-03 22:45:07,399 basehttp 87622 6124728320 "GET /admin/main_app/englishword/ HTTP/1.1" 200 49187
INFO 2025-12-03 22:45:07,424 basehttp 87622 6124728320 "GET /admin/jsi18n/ HTTP/1.1" 200 3343
INFO 2025-12-03 23:01:28,676 basehttp 87622 6124728320 "GET /admin/main_app/englishword/ HTTP/1.1" 200 49187
INFO 2025-12-03 23:01:28,696 basehttp 87622 6124728320 "GET /admin/jsi18n/ HTTP/1.1" 200 3343
INFO 2025-12-03 23:01:34,793 basehttp 87622 6124728320 "GET /admin/main_app/englishword/ HTTP/1.1" 200 49185
INFO 2025-12-03 23:01:34,831 basehttp 87622 6124728320 "GET /admin/jsi18n/ HTTP/1.1" 200 3343
INFO 2025-12-03 23:01:36,209 basehttp 87622 6124728320 "GET /admin/main_app/englishword/73/change/ HTTP/1.1" 200 29158
INFO 2025-12-03 23:01:36,230 basehttp 87622 6124728320 "GET /admin/jsi18n/ HTTP/1.1" 200 3343
INFO 2025-12-03 23:01:38,234 basehttp 87622 6124728320 "GET /admin/main_app/englishword/ HTTP/1.1" 200 49187
INFO 2025-12-03 23:01:38,262 basehttp 87622 6124728320 "GET /admin/jsi18n/ HTTP/1.1" 200 3343
INFO 2025-12-04 11:14:49,881 basehttp 87622 6124728320 "GET /admin/main_app/englishword/ HTTP/1.1" 200 49187
INFO 2025-12-04 11:14:49,905 basehttp 87622 6141554688 "GET /static/admin/css/base.css HTTP/1.1" 304 0
INFO 2025-12-04 11:14:49,905 basehttp 87622 6158381056 "GET /static/admin/css/dark_mode.css HTTP/1.1" 304 0
INFO 2025-12-04 11:14:49,906 basehttp 87622 13035925504 "GET /static/admin/css/nav_sidebar.css HTTP/1.1" 304 0
INFO 2025-12-04 11:14:49,906 basehttp 87622 13052751872 "GET /static/admin/css/responsive.css HTTP/1.1" 304 0
INFO 2025-12-04 11:14:49,906 basehttp 87622 13069578240 "GET /static/debug_toolbar/js/toolbar.js HTTP/1.1" 304 0
INFO 2025-12-04 11:14:49,908 basehttp 87622 13069578240 "GET /static/debug_toolbar/css/toolbar.css HTTP/1.1" 304 0
INFO 2025-12-04 11:14:49,909 basehttp 87622 13069578240 "GET /static/admin/js/theme.js HTTP/1.1" 304 0
INFO 2025-12-04 11:14:49,910 basehttp 87622 13069578240 "GET /static/admin/js/nav_sidebar.js HTTP/1.1" 304 0
INFO 2025-12-04 11:14:49,915 basehttp 87622 6124728320 "GET /admin/jsi18n/ HTTP/1.1" 200 3343
INFO 2025-12-04 11:14:49,920 basehttp 87622 6124728320 "GET /static/debug_toolbar/css/print.css HTTP/1.1" 304 0
INFO 2025-12-04 11:14:49,930 basehttp 87622 6124728320 "GET /static/debug_toolbar/js/utils.js HTTP/1.1" 304 0
INFO 2025-12-04 11:45:19,876 basehttp 87622 6124728320 "GET /admin/main_app/englishword/add/ HTTP/1.1" 200 28886
INFO 2025-12-04 11:45:19,895 basehttp 87622 6141554688 "GET /static/admin/css/forms.css HTTP/1.1" 304 0
INFO 2025-12-04 11:45:19,898 basehttp 87622 6158381056 "GET /static/admin/js/SelectBox.js HTTP/1.1" 304 0
INFO 2025-12-04 11:45:19,899 basehttp 87622 6141554688 "GET /static/admin/js/inlines.js HTTP/1.1" 304 0
INFO 2025-12-04 11:45:19,899 basehttp 87622 13035925504 "GET /static/admin/js/SelectFilter2.js HTTP/1.1" 304 0
INFO 2025-12-04 11:45:19,900 basehttp 87622 13052751872 "GET /static/admin/css/widgets.css HTTP/1.1" 304 0
INFO 2025-12-04 11:45:19,900 basehttp 87622 13035925504 "GET /static/admin/js/prepopulate_init.js HTTP/1.1" 304 0
INFO 2025-12-04 11:45:19,906 basehttp 87622 13035925504 "GET /static/admin/js/change_form.js HTTP/1.1" 304 0
INFO 2025-12-04 11:45:19,908 basehttp 87622 6124728320 "GET /admin/jsi18n/ HTTP/1.1" 200 3343
INFO 2025-12-04 11:45:19,944 basehttp 87622 6124728320 "GET /static/admin/img/inline-delete.svg HTTP/1.1" 304 0
INFO 2025-12-04 11:45:19,962 basehttp 87622 6124728320 "GET /static/admin/img/icon-unknown.svg HTTP/1.1" 304 0
INFO 2025-12-04 11:45:19,962 basehttp 87622 13035925504 "GET /static/admin/img/icon-unknown-alt.svg HTTP/1.1" 304 0
INFO 2025-12-04 11:45:19,963 basehttp 87622 13052751872 "GET /static/admin/img/selector-icons.svg HTTP/1.1" 304 0
INFO 2025-12-04 11:45:47,372 basehttp 87622 13052751872 "POST /admin/main_app/englishword/add/ HTTP/1.1" 302 0
INFO 2025-12-04 11:45:47,510 basehttp 87622 13052751872 "GET /admin/main_app/englishword/ HTTP/1.1" 200 49836
INFO 2025-12-04 11:45:47,535 basehttp 87622 13052751872 "GET /admin/jsi18n/ HTTP/1.1" 200 3343
INFO 2025-12-04 11:45:47,542 basehttp 87622 13052751872 "GET /static/admin/img/icon-yes.svg HTTP/1.1" 304 0
INFO 2025-12-04 11:45:51,013 basehttp 87622 13052751872 "GET /admin/main_app/englishword/77/change/ HTTP/1.1" 200 29314
INFO 2025-12-04 11:45:51,036 basehttp 87622 13052751872 "GET /admin/jsi18n/ HTTP/1.1" 200 3343
INFO 2025-12-04 11:46:06,406 basehttp 87622 13052751872 "POST /admin/main_app/englishword/77/change/ HTTP/1.1" 302 0
INFO 2025-12-04 11:46:06,511 basehttp 87622 13052751872 "GET /admin/main_app/englishword/ HTTP/1.1" 200 49861
INFO 2025-12-04 11:46:06,537 basehttp 87622 13052751872 "GET /admin/jsi18n/ HTTP/1.1" 200 3343
INFO 2025-12-04 11:46:09,326 basehttp 87622 13052751872 "GET /admin/main_app/englishword/?tag=3 HTTP/1.1" 200 32429
INFO 2025-12-04 11:46:09,356 basehttp 87622 13052751872 "GET /admin/jsi18n/ HTTP/1.1" 200 3343
INFO 2025-12-04 14:33:37,581 basehttp 87622 6124728320 "GET /admin/main_app/englishword/?tag=3 HTTP/1.1" 200 32429
INFO 2025-12-04 14:33:37,607 basehttp 87622 6124728320 "GET /admin/jsi18n/ HTTP/1.1" 200 3343
INFO 2025-12-04 15:45:39,269 basehttp 87622 6124728320 "GET /admin/main_app/englishword/?tag=3 HTTP/1.1" 200 32430
INFO 2025-12-04 15:45:39,304 basehttp 87622 6124728320 "GET /admin/jsi18n/ HTTP/1.1" 200 3343
INFO 2025-12-04 18:37:07,952 basehttp 87622 6124728320 "GET /admin/main_app/englishword/?tag=3 HTTP/1.1" 200 32430
INFO 2025-12-04 18:37:07,986 basehttp 87622 6124728320 "GET /admin/jsi18n/ HTTP/1.1" 200 3343
INFO 2025-12-04 18:37:15,835 basehttp 87622 6124728320 "GET /admin/main_app/englishword/ HTTP/1.1" 200 49624
INFO 2025-12-04 18:37:15,856 basehttp 87622 6124728320 "GET /admin/jsi18n/ HTTP/1.1" 200 3343
INFO 2025-12-04 18:37:20,649 basehttp 87622 6124728320 "GET /admin/main_app/englishword/?q=%E6%9C%AC%E6%9C%AB%E5%80%92%E7%BD%AE HTTP/1.1" 200 27569
INFO 2025-12-04 18:37:20,678 basehttp 87622 6124728320 "GET /admin/jsi18n/ HTTP/1.1" 200 3343
INFO 2025-12-04 18:37:21,861 basehttp 87622 6124728320 "GET /admin/main_app/englishword/22/change/?_changelist_filters=q%3D%25E6%259C%25AC%25E6%259C%25AB%25E5%2580%2592%25E7%25BD%25AE HTTP/1.1" 200 358725
INFO 2025-12-04 18:37:21,891 basehttp 87622 6124728320 "GET /admin/jsi18n/ HTTP/1.1" 200 3343
INFO 2025-12-04 18:37:40,903 basehttp 87622 6124728320 "GET /admin/main_app/englishword/ HTTP/1.1" 200 49624
INFO 2025-12-04 18:37:40,918 basehttp 87622 6124728320 "GET /admin/jsi18n/ HTTP/1.1" 200 3343
INFO 2025-12-04 18:37:42,964 basehttp 87622 6124728320 "GET /admin/main_app/englishword/add/ HTTP/1.1" 200 28886
INFO 2025-12-04 18:37:42,997 basehttp 87622 6124728320 "GET /admin/jsi18n/ HTTP/1.1" 200 3343
INFO 2025-12-04 18:37:59,127 basehttp 87622 6124728320 "POST /admin/main_app/englishword/add/ HTTP/1.1" 302 0
INFO 2025-12-04 18:37:59,231 basehttp 87622 6124728320 "GET /admin/main_app/englishword/ HTTP/1.1" 200 50273
INFO 2025-12-04 18:37:59,254 basehttp 87622 6124728320 "GET /admin/jsi18n/ HTTP/1.1" 200 3343
INFO 2025-12-05 10:03:04,085 basehttp 87622 6124728320 "GET /admin/main_app/englishword/ HTTP/1.1" 200 50039
INFO 2025-12-05 10:03:04,115 basehttp 87622 6124728320 "GET /admin/jsi18n/ HTTP/1.1" 200 3343
INFO 2025-12-05 10:33:29,340 basehttp 87622 6124728320 "GET /admin/ HTTP/1.1" 200 25022
INFO 2025-12-05 10:33:29,357 basehttp 87622 6124728320 "GET /static/admin/css/dashboard.css HTTP/1.1" 304 0
INFO 2025-12-05 10:33:29,361 basehttp 87622 6124728320 "GET /static/admin/img/icon-changelink.svg HTTP/1.1" 304 0
INFO 2025-12-05 10:33:31,237 basehttp 87622 6124728320 "GET /admin/goal_app/goal/ HTTP/1.1" 200 29545
INFO 2025-12-05 10:33:31,265 basehttp 87622 6124728320 "GET /admin/jsi18n/ HTTP/1.1" 200 3343
INFO 2025-12-05 10:33:32,064 basehttp 87622 6124728320 "GET /admin/goal_app/task/ HTTP/1.1" 200 40883
INFO 2025-12-05 10:33:32,092 basehttp 87622 6124728320 "GET /admin/jsi18n/ HTTP/1.1" 200 3343
INFO 2025-12-05 11:03:01,230 basehttp 87622 6124728320 "GET /admin/goal_app/task/ HTTP/1.1" 200 40882
INFO 2025-12-05 11:03:01,261 basehttp 87622 6124728320 "GET /admin/jsi18n/ HTTP/1.1" 200 3343
INFO 2025-12-05 11:32:23,464 basehttp 87622 6124728320 "GET /admin/goal_app/task/32/change/ HTTP/1.1" 200 31025
INFO 2025-12-05 11:32:23,489 basehttp 87622 6158381056 "GET /static/admin/css/autocomplete.css HTTP/1.1" 304 0
INFO 2025-12-05 11:32:23,490 basehttp 87622 6141554688 "GET /static/admin/css/vendor/select2/select2.css HTTP/1.1" 304 0
INFO 2025-12-05 11:32:23,491 basehttp 87622 13035925504 "GET /static/admin/js/vendor/select2/select2.full.js HTTP/1.1" 304 0
INFO 2025-12-05 11:32:23,492 basehttp 87622 13052751872 "GET /static/admin/js/vendor/select2/i18n/en.js HTTP/1.1" 304 0
INFO 2025-12-05 11:32:23,494 basehttp 87622 13069578240 "GET /static/admin/js/autocomplete.js HTTP/1.1" 304 0
INFO 2025-12-05 11:32:23,495 basehttp 87622 13052751872 "GET /static/admin/img/icon-deletelink.svg HTTP/1.1" 304 0
INFO 2025-12-05 11:32:23,495 basehttp 87622 13035925504 "GET /static/admin/img/icon-viewlink.svg HTTP/1.1" 304 0
INFO 2025-12-05 11:32:23,503 basehttp 87622 6124728320 "GET /admin/jsi18n/ HTTP/1.1" 200 3343
INFO 2025-12-05 11:32:33,367 basehttp 87622 6124728320 "POST /admin/goal_app/task/32/change/ HTTP/1.1" 302 0
INFO 2025-12-05 11:32:33,435 basehttp 87622 6124728320 "GET /admin/goal_app/task/ HTTP/1.1" 200 41143
INFO 2025-12-05 11:32:33,464 basehttp 87622 6124728320 "GET /admin/jsi18n/ HTTP/1.1" 200 3343
INFO 2025-12-05 11:32:38,059 basehttp 87622 6124728320 "GET /admin/goal_app/goal/ HTTP/1.1" 200 29545
INFO 2025-12-05 11:32:38,077 basehttp 87622 6124728320 "GET /admin/jsi18n/ HTTP/1.1" 200 3343
INFO 2025-12-05 16:20:40,005 basehttp 87622 6124728320 "GET /admin/ HTTP/1.1" 200 25021
INFO 2025-12-05 16:20:42,134 basehttp 87622 6124728320 "GET /admin/ HTTP/1.1" 200 25019
INFO 2025-12-05 16:21:45,054 basehttp 87622 6124728320 "GET /admin/ HTTP/1.1" 200 25019
INFO 2025-12-05 16:21:47,819 basehttp 87622 6124728320 "GET /admin/ HTTP/1.1" 200 25019
INFO 2025-12-06 00:20:59,439 basehttp 87622 6124728320 "GET /admin/ HTTP/1.1" 200 25021
INFO 2025-12-06 00:21:09,831 basehttp 87622 6124728320 "GET /admin/goal_app/goal/ HTTP/1.1" 200 29545
INFO 2025-12-06 00:21:09,863 basehttp 87622 6124728320 "GET /admin/jsi18n/ HTTP/1.1" 200 3343
INFO 2025-12-06 00:21:11,351 basehttp 87622 6124728320 "GET /admin/goal_app/task/ HTTP/1.1" 200 40902
INFO 2025-12-06 00:21:11,374 basehttp 87622 6124728320 "GET /admin/jsi18n/ HTTP/1.1" 200 3343
INFO 2025-12-06 00:50:32,157 basehttp 87622 6124728320 "GET /admin/goal_app/task/ HTTP/1.1" 200 40902
INFO 2025-12-06 00:50:32,173 basehttp 87622 6124728320 "GET /admin/jsi18n/ HTTP/1.1" 200 3343
INFO 2025-12-06 13:22:01,413 basehttp 87622 6124728320 "GET /admin/goal_app/task/ HTTP/1.1" 200 40903
INFO 2025-12-06 13:22:01,441 basehttp 87622 6124728320 "GET /admin/jsi18n/ HTTP/1.1" 200 3343
INFO 2025-12-06 13:28:51,132 basehttp 87622 6124728320 "GET /admin/goal_app/task/ HTTP/1.1" 200 40901
INFO 2025-12-06 13:28:51,159 basehttp 87622 6124728320 "GET /admin/jsi18n/ HTTP/1.1" 200 3343
INFO 2025-12-06 13:41:26,362 basehttp 87622 6124728320 "GET /admin/goal_app/task/ HTTP/1.1" 200 40902
INFO 2025-12-06 13:41:26,389 basehttp 87622 6124728320 "GET /admin/jsi18n/ HTTP/1.1" 200 3343
INFO 2025-12-06 13:41:31,649 basehttp 87622 6124728320 "GET /admin/goal_app/task/ HTTP/1.1" 200 40901
INFO 2025-12-06 13:41:31,668 basehttp 87622 6124728320 "GET /admin/jsi18n/ HTTP/1.1" 200 3343
INFO 2025-12-06 13:41:40,017 basehttp 87622 6124728320 "GET /admin/goal_app/task/ HTTP/1.1" 200 40902
INFO 2025-12-06 13:41:40,040 basehttp 87622 6124728320 "GET /admin/jsi18n/ HTTP/1.1" 200 3343
INFO 2025-12-06 13:42:03,921 basehttp 87622 6124728320 "GET /admin/goal_app/task/15/change/ HTTP/1.1" 200 31035
INFO 2025-12-06 13:42:03,939 basehttp 87622 6124728320 "GET /admin/jsi18n/ HTTP/1.1" 200 3343
INFO 2025-12-06 13:42:08,644 basehttp 87622 6124728320 "POST /admin/goal_app/task/15/change/ HTTP/1.1" 302 0
INFO 2025-12-06 13:42:08,714 basehttp 87622 6124728320 "GET /admin/goal_app/task/ HTTP/1.1" 200 41128
INFO 2025-12-06 13:42:08,746 basehttp 87622 6124728320 "GET /admin/jsi18n/ HTTP/1.1" 200 3343
INFO 2025-12-06 13:50:36,756 basehttp 87622 6124728320 "GET /admin/goal_app/task/ HTTP/1.1" 200 40901
INFO 2025-12-06 13:50:36,775 basehttp 87622 6124728320 "GET /admin/jsi18n/ HTTP/1.1" 200 3343
INFO 2025-12-06 13:50:39,131 basehttp 87622 6124728320 "GET /admin/goal_app/goal/ HTTP/1.1" 200 29545
INFO 2025-12-06 13:50:39,158 basehttp 87622 6124728320 "GET /admin/jsi18n/ HTTP/1.1" 200 3343
INFO 2025-12-06 13:50:40,798 basehttp 87622 6124728320 "GET /admin/goal_app/tag/ HTTP/1.1" 200 25039
INFO 2025-12-06 13:50:41,480 basehttp 87622 6124728320 "GET /admin/goal_app/task/ HTTP/1.1" 200 40900
INFO 2025-12-06 13:50:41,500 basehttp 87622 6124728320 "GET /admin/jsi18n/ HTTP/1.1" 200 3343
INFO 2025-12-06 13:50:42,398 basehttp 87622 6124728320 "GET /admin/goal_app/goal/ HTTP/1.1" 200 29545
INFO 2025-12-06 13:50:42,434 basehttp 87622 6124728320 "GET /admin/jsi18n/ HTTP/1.1" 200 3343
INFO 2025-12-06 13:50:43,252 basehttp 87622 6124728320 "GET /admin/goal_app/task/ HTTP/1.1" 200 40900
INFO 2025-12-06 13:50:43,273 basehttp 87622 6124728320 "GET /admin/jsi18n/ HTTP/1.1" 200 3343
INFO 2025-12-06 13:50:43,821 basehttp 87622 6124728320 "GET /admin/goal_app/tag/ HTTP/1.1" 200 25039
INFO 2025-12-06 13:50:45,742 basehttp 87622 6124728320 "GET /admin/goal_app/task/ HTTP/1.1" 200 40901
INFO 2025-12-06 13:50:45,767 basehttp 87622 6124728320 "GET /admin/jsi18n/ HTTP/1.1" 200 3343
INFO 2025-12-06 14:46:14,964 basehttp 87622 6124728320 "GET /admin/ HTTP/1.1" 200 24992
INFO 2025-12-06 14:46:17,316 basehttp 87622 6124728320 "GET /admin/goal_app/goal/ HTTP/1.1" 200 29545
INFO 2025-12-06 14:46:17,347 basehttp 87622 6124728320 "GET /admin/jsi18n/ HTTP/1.1" 200 3343
INFO 2025-12-06 14:49:35,543 basehttp 87622 6124728320 "GET /admin/goal_app/goal/ HTTP/1.1" 200 29545
INFO 2025-12-06 14:49:35,566 basehttp 87622 6124728320 "GET /admin/jsi18n/ HTTP/1.1" 200 3343
INFO 2025-12-06 14:52:35,021 basehttp 87622 6124728320 "GET /admin/goal_app/goal/ HTTP/1.1" 200 29545
INFO 2025-12-06 14:52:35,054 basehttp 87622 6124728320 "GET /admin/jsi18n/ HTTP/1.1" 200 3343
INFO 2025-12-06 16:21:16,785 basehttp 87622 6124728320 "GET /admin/goal_app/goal/ HTTP/1.1" 200 29545
INFO 2025-12-06 16:21:16,802 basehttp 87622 6124728320 "GET /admin/jsi18n/ HTTP/1.1" 200 3343
INFO 2025-12-06 16:48:16,143 basehttp 87622 6124728320 "GET /admin/goal_app/goal/ HTTP/1.1" 200 29545
INFO 2025-12-06 16:48:16,175 basehttp 87622 6124728320 "GET /admin/jsi18n/ HTTP/1.1" 200 3343
INFO 2025-12-06 16:55:05,674 basehttp 87622 6124728320 "GET /admin/goal_app/goal/ HTTP/1.1" 200 29545
INFO 2025-12-06 16:55:05,699 basehttp 87622 6124728320 "GET /admin/jsi18n/ HTTP/1.1" 200 3343
INFO 2025-12-06 16:55:09,109 basehttp 87622 6124728320 "GET /admin/goal_app/goal/ HTTP/1.1" 200 29545
INFO 2025-12-06 16:55:09,130 basehttp 87622 6124728320 "GET /admin/jsi18n/ HTTP/1.1" 200 3343
INFO 2025-12-06 17:27:38,809 apps 72073 8365326912 Main app signals imported
INFO 2025-12-06 17:28:12,680 apps 73386 8365326912 Main app signals imported
INFO 2025-12-06 17:28:12,831 apps 73395 8365326912 Main app signals imported
INFO 2025-12-06 17:28:12,832 autoreload 73395 8365326912 Watching for file changes with StatReloader
INFO 2025-12-06 17:28:15,324 basehttp 73395 6130708480 "GET /admin/goal_app/goal/ HTTP/1.1" 200 29546
INFO 2025-12-06 17:28:15,342 basehttp 73395 6130708480 "GET /admin/jsi18n/ HTTP/1.1" 200 3343
INFO 2025-12-06 17:31:44,585 basehttp 73395 6130708480 "GET /admin/goal_app/goal/ HTTP/1.1" 200 29545
INFO 2025-12-06 17:31:44,612 basehttp 73395 6130708480 "GET /admin/jsi18n/ HTTP/1.1" 200 3343
INFO 2025-12-06 18:34:28,880 basehttp 73395 6130708480 "GET /admin/goal_app/goal/ HTTP/1.1" 200 29545
INFO 2025-12-06 18:34:28,910 basehttp 73395 6130708480 "GET /admin/jsi18n/ HTTP/1.1" 200 3343
INFO 2025-12-06 18:34:48,162 basehttp 73395 6130708480 "GET /admin/goal_app/tag/ HTTP/1.1" 200 25039
INFO 2025-12-06 18:34:49,032 basehttp 73395 6130708480 "GET /admin/goal_app/task/ HTTP/1.1" 200 40901
INFO 2025-12-06 18:34:49,053 basehttp 73395 6130708480 "GET /admin/jsi18n/ HTTP/1.1" 200 3343
INFO 2025-12-06 18:34:49,868 basehttp 73395 6130708480 "GET /admin/goal_app/goal/ HTTP/1.1" 200 29545
INFO 2025-12-06 18:34:49,892 basehttp 73395 6130708480 "GET /admin/jsi18n/ HTTP/1.1" 200 3343
INFO 2025-12-06 18:34:51,261 basehttp 73395 6130708480 "GET /admin/goal_app/task/ HTTP/1.1" 200 40901
INFO 2025-12-06 18:34:51,280 basehttp 73395 6130708480 "GET /admin/jsi18n/ HTTP/1.1" 200 3343
INFO 2025-12-06 18:44:39,620 basehttp 73395 6130708480 "GET /admin/goal_app/task/ HTTP/1.1" 200 40900
INFO 2025-12-06 18:44:39,642 basehttp 73395 6130708480 "GET /admin/jsi18n/ HTTP/1.1" 200 3343
INFO 2025-12-06 18:44:42,222 basehttp 73395 6130708480 "GET /admin/goal_app/goal/ HTTP/1.1" 200 29545
INFO 2025-12-06 18:44:42,254 basehttp 73395 6130708480 "GET /admin/jsi18n/ HTTP/1.1" 200 3343
INFO 2025-12-06 18:44:43,241 basehttp 73395 6130708480 "GET /admin/goal_app/task/ HTTP/1.1" 200 40902
INFO 2025-12-06 18:44:43,268 basehttp 73395 6130708480 "GET /admin/jsi18n/ HTTP/1.1" 200 3343
INFO 2025-12-06 18:44:44,111 basehttp 73395 6130708480 "GET /admin/goal_app/task/30/change/ HTTP/1.1" 200 30970
INFO 2025-12-06 18:44:44,139 basehttp 73395 6130708480 "GET /admin/jsi18n/ HTTP/1.1" 200 3343
INFO 2025-12-07 09:44:13,026 basehttp 73395 6130708480 "GET /admin/ HTTP/1.1" 200 24993
INFO 2025-12-07 09:44:15,432 basehttp 73395 6130708480 "GET /admin/goal_app/task/ HTTP/1.1" 200 40901
INFO 2025-12-07 09:44:15,462 basehttp 73395 6130708480 "GET /admin/jsi18n/ HTTP/1.1" 200 3343
INFO 2025-12-07 10:14:35,135 basehttp 73395 6130708480 "GET /admin/ HTTP/1.1" 200 24992
INFO 2025-12-07 10:14:36,971 basehttp 73395 6130708480 "GET /admin/core/user/ HTTP/1.1" 200 27713
INFO 2025-12-07 10:14:36,991 basehttp 73395 6147534848 "GET /static/admin/img/icon-no.svg HTTP/1.1" 304 0
INFO 2025-12-07 10:14:37,001 basehttp 73395 6130708480 "GET /admin/jsi18n/ HTTP/1.1" 200 3343
INFO 2025-12-07 10:14:38,120 basehttp 73395 6130708480 "GET /admin/goal_app/tag/ HTTP/1.1" 200 25039
INFO 2025-12-07 10:14:39,221 basehttp 73395 6130708480 "GET /admin/goal_app/task/ HTTP/1.1" 200 40901
INFO 2025-12-07 10:14:39,248 basehttp 73395 6130708480 "GET /admin/jsi18n/ HTTP/1.1" 200 3343
INFO 2025-12-07 10:14:43,467 basehttp 73395 6130708480 "GET /admin/goal_app/goal/ HTTP/1.1" 200 29545
INFO 2025-12-07 10:14:43,488 basehttp 73395 6130708480 "GET /admin/jsi18n/ HTTP/1.1" 200 3343
INFO 2025-12-07 15:57:52,895 basehttp 73395 6130708480 "GET /admin/goal_app/goal/ HTTP/1.1" 200 29545
INFO 2025-12-07 15:57:52,925 basehttp 73395 6130708480 "GET /admin/jsi18n/ HTTP/1.1" 200 3343
INFO 2025-12-07 15:57:54,840 basehttp 73395 6130708480 "GET /admin/goal_app/task/ HTTP/1.1" 200 40901
INFO 2025-12-07 15:57:54,866 basehttp 73395 6130708480 "GET /admin/jsi18n/ HTTP/1.1" 200 3343
INFO 2025-12-07 15:57:56,633 basehttp 73395 6130708480 "GET /admin/goal_app/goal/ HTTP/1.1" 200 29545
INFO 2025-12-07 15:57:56,664 basehttp 73395 6130708480 "GET /admin/jsi18n/ HTTP/1.1" 200 3343
INFO 2025-12-07 15:57:57,885 basehttp 73395 6130708480 "GET /admin/main_app/englishword/ HTTP/1.1" 200 50038
INFO 2025-12-07 15:57:57,909 basehttp 73395 6130708480 "GET /admin/jsi18n/ HTTP/1.1" 200 3343
INFO 2025-12-07 15:57:59,514 basehttp 73395 6130708480 "GET /admin/main_app/tag/ HTTP/1.1" 200 25102
INFO 2025-12-07 15:58:00,650 basehttp 73395 6130708480 "GET /admin/goal_app/goal/ HTTP/1.1" 200 29545
INFO 2025-12-07 15:58:00,679 basehttp 73395 6130708480 "GET /admin/jsi18n/ HTTP/1.1" 200 3343
INFO 2025-12-07 15:58:01,991 basehttp 73395 6130708480 "GET /admin/goal_app/task/ HTTP/1.1" 200 40900
INFO 2025-12-07 15:58:02,017 basehttp 73395 6130708480 "GET /admin/jsi18n/ HTTP/1.1" 200 3343
INFO 2025-12-07 15:58:02,683 basehttp 73395 6130708480 "GET /admin/goal_app/tag/ HTTP/1.1" 200 25039
INFO 2025-12-07 15:58:03,699 basehttp 73395 6130708480 "GET /admin/goal_app/task/ HTTP/1.1" 200 40901
INFO 2025-12-07 15:58:03,722 basehttp 73395 6130708480 "GET /admin/jsi18n/ HTTP/1.1" 200 3343
INFO 2025-12-07 15:58:10,264 basehttp 73395 6130708480 "GET /admin/goal_app/task/12/change/ HTTP/1.1" 200 31718
INFO 2025-12-07 15:58:10,294 basehttp 73395 6130708480 "GET /admin/jsi18n/ HTTP/1.1" 200 3343
INFO 2025-12-07 15:58:14,905 basehttp 73395 6130708480 "POST /admin/goal_app/task/12/change/ HTTP/1.1" 302 0
INFO 2025-12-07 15:58:14,965 basehttp 73395 6130708480 "GET /admin/goal_app/task/ HTTP/1.1" 200 41136
INFO 2025-12-07 15:58:14,989 basehttp 73395 6130708480 "GET /admin/jsi18n/ HTTP/1.1" 200 3343
INFO 2025-12-07 15:58:17,042 basehttp 73395 6130708480 "GET /admin/goal_app/tag/ HTTP/1.1" 200 25039
INFO 2025-12-07 15:58:18,155 basehttp 73395 6130708480 "GET /admin/goal_app/goal/ HTTP/1.1" 200 29545
INFO 2025-12-07 15:58:18,183 basehttp 73395 6130708480 "GET /admin/jsi18n/ HTTP/1.1" 200 3343
INFO 2025-12-07 15:58:18,807 basehttp 73395 6130708480 "GET /admin/goal_app/task/ HTTP/1.1" 200 40903
INFO 2025-12-07 15:58:18,838 basehttp 73395 6130708480 "GET /admin/jsi18n/ HTTP/1.1" 200 3343
INFO 2025-12-07 16:49:36,071 basehttp 73395 6130708480 "GET /admin/goal_app/task/ HTTP/1.1" 200 40904
INFO 2025-12-07 16:49:36,102 basehttp 73395 6130708480 "GET /admin/jsi18n/ HTTP/1.1" 200 3343
INFO 2025-12-07 18:43:23,116 basehttp 73395 6130708480 "GET /admin/goal_app/task/add/ HTTP/1.1" 200 30686
INFO 2025-12-07 18:43:23,150 basehttp 73395 6130708480 "GET /admin/jsi18n/ HTTP/1.1" 200 3343
INFO 2025-12-07 18:43:34,524 basehttp 73395 6130708480 "GET /admin/main_app/englishword/ HTTP/1.1" 200 50039
INFO 2025-12-07 18:43:34,555 basehttp 73395 6130708480 "GET /admin/jsi18n/ HTTP/1.1" 200 3343
INFO 2025-12-07 18:43:35,953 basehttp 73395 6130708480 "GET /admin/main_app/englishword/add/ HTTP/1.1" 200 28886
INFO 2025-12-07 18:43:35,976 basehttp 73395 6130708480 "GET /admin/jsi18n/ HTTP/1.1" 200 3343
INFO 2025-12-07 18:43:46,967 basehttp 73395 6130708480 "POST /admin/main_app/englishword/add/ HTTP/1.1" 302 0
INFO 2025-12-07 18:43:47,098 basehttp 73395 6130708480 "GET /admin/main_app/englishword/ HTTP/1.1" 200 50651
INFO 2025-12-07 18:43:47,130 basehttp 73395 6130708480 "GET /admin/jsi18n/ HTTP/1.1" 200 3343
INFO 2025-12-07 18:51:39,671 basehttp 73395 6130708480 "GET /admin/goal_app/goal/ HTTP/1.1" 200 29546
INFO 2025-12-07 18:51:39,699 basehttp 73395 6130708480 "GET /admin/jsi18n/ HTTP/1.1" 200 3343
INFO 2025-12-07 18:51:42,463 basehttp 73395 6130708480 "GET /admin/goal_app/tag/ HTTP/1.1" 200 25039
INFO 2025-12-07 18:51:43,971 basehttp 73395 6130708480 "GET /admin/main_app/tag/ HTTP/1.1" 200 25102
INFO 2025-12-07 18:51:44,969 basehttp 73395 6130708480 "GET /admin/main_app/englishword/ HTTP/1.1" 200 50435
INFO 2025-12-07 18:51:44,993 basehttp 73395 6130708480 "GET /admin/jsi18n/ HTTP/1.1" 200 3343
INFO 2025-12-07 19:37:43,501 basehttp 73395 6130708480 "GET /admin/main_app/englishword/ HTTP/1.1" 200 50435
INFO 2025-12-07 19:37:43,532 basehttp 73395 6130708480 "GET /admin/jsi18n/ HTTP/1.1" 200 3343
INFO 2025-12-07 19:37:57,633 basehttp 73395 6130708480 "GET /admin/main_app/englishword/58/change/ HTTP/1.1" 200 29205
INFO 2025-12-07 19:37:57,658 basehttp 73395 6130708480 "GET /admin/jsi18n/ HTTP/1.1" 200 3343
INFO 2025-12-07 19:38:01,247 basehttp 73395 6130708480 "GET /admin/main_app/englishword/ HTTP/1.1" 200 50434
INFO 2025-12-07 20:37:39,386 basehttp 73395 6130708480 "GET /admin/main_app/englishword/ HTTP/1.1" 200 50435
INFO 2025-12-07 20:37:39,418 basehttp 73395 6130708480 "GET /admin/jsi18n/ HTTP/1.1" 200 3343
INFO 2025-12-07 21:45:50,468 basehttp 73395 6130708480 "GET /admin/main_app/englishword/ HTTP/1.1" 200 50435
INFO 2025-12-07 21:45:50,500 basehttp 73395 6130708480 "GET /admin/jsi18n/ HTTP/1.1" 200 3343
INFO 2025-12-08 10:50:56,571 basehttp 73395 6130708480 "GET /admin/main_app/englishword/add/ HTTP/1.1" 200 28886
INFO 2025-12-08 10:50:56,605 basehttp 73395 6130708480 "GET /admin/jsi18n/ HTTP/1.1" 200 3343
INFO 2025-12-08 10:51:05,618 basehttp 73395 6130708480 "POST /admin/main_app/englishword/add/ HTTP/1.1" 302 0
INFO 2025-12-08 10:51:05,755 basehttp 73395 6130708480 "GET /admin/main_app/englishword/ HTTP/1.1" 200 51048
INFO 2025-12-08 10:51:05,788 basehttp 73395 6130708480 "GET /admin/jsi18n/ HTTP/1.1" 200 3343
INFO 2025-12-08 10:51:07,124 basehttp 73395 6130708480 "GET /admin/main_app/englishword/80/change/ HTTP/1.1" 200 29170
INFO 2025-12-08 10:51:07,148 basehttp 73395 6130708480 "GET /admin/jsi18n/ HTTP/1.1" 200 3343
INFO 2025-12-08 10:51:09,440 basehttp 73395 6130708480 "POST /admin/main_app/englishword/80/change/ HTTP/1.1" 302 0
INFO 2025-12-08 10:51:09,559 basehttp 73395 6130708480 "GET /admin/main_app/englishword/ HTTP/1.1" 200 51049
INFO 2025-12-08 10:51:09,591 basehttp 73395 6130708480 "GET /admin/jsi18n/ HTTP/1.1" 200 3343
INFO 2025-12-08 10:57:14,603 basehttp 73395 6130708480 "GET /admin/main_app/englishword/80/change/ HTTP/1.1" 200 29170
INFO 2025-12-08 10:57:14,627 basehttp 73395 6130708480 "GET /admin/jsi18n/ HTTP/1.1" 200 3343
INFO 2025-12-08 10:57:21,223 basehttp 73395 6130708480 "POST /admin/main_app/englishword/80/change/ HTTP/1.1" 302 0
INFO 2025-12-08 10:57:21,355 basehttp 73395 6130708480 "GET /admin/main_app/englishword/ HTTP/1.1" 200 51050
INFO 2025-12-08 10:57:21,387 basehttp 73395 6130708480 "GET /admin/jsi18n/ HTTP/1.1" 200 3343
INFO 2025-12-08 11:22:39,483 basehttp 73395 6130708480 "GET /admin/main_app/englishword/ HTTP/1.1" 200 50832
INFO 2025-12-08 11:22:39,517 basehttp 73395 6130708480 "GET /admin/jsi18n/ HTTP/1.1" 200 3343
INFO 2025-12-08 11:22:47,255 basehttp 73395 6130708480 "GET /admin/main_app/englishword/?q=%E6%83%AF HTTP/1.1" 200 27092
INFO 2025-12-08 11:22:47,290 basehttp 73395 6130708480 "GET /admin/jsi18n/ HTTP/1.1" 200 3343
INFO 2025-12-08 11:22:48,826 basehttp 73395 6130708480 "GET /admin/main_app/englishword/22/change/?_changelist_filters=q%3D%25E6%2583%25AF HTTP/1.1" 200 358545
INFO 2025-12-08 11:22:48,858 basehttp 73395 6130708480 "GET /admin/jsi18n/ HTTP/1.1" 200 3343
INFO 2025-12-08 11:23:32,374 basehttp 73395 6130708480 "POST /admin/main_app/englishword/22/change/?_changelist_filters=q%3D%25E6%2583%25AF HTTP/1.1" 302 0
INFO 2025-12-08 11:23:32,403 basehttp 73395 6130708480 "GET /admin/main_app/englishword/?q=%E6%83%AF HTTP/1.1" 200 27315
INFO 2025-12-08 11:23:32,440 basehttp 73395 6130708480 "GET /admin/jsi18n/ HTTP/1.1" 200 3343
INFO 2025-12-08 11:23:37,313 basehttp 73395 6130708480 "GET /admin/main_app/englishword/?q= HTTP/1.1" 200 52422
INFO 2025-12-08 11:23:37,342 basehttp 73395 6130708480 "GET /admin/jsi18n/ HTTP/1.1" 200 3343
INFO 2025-12-08 11:24:35,691 basehttp 73395 6130708480 "GET /admin/main_app/englishword/79/change/?_changelist_filters=q%3D HTTP/1.1" 200 29289
INFO 2025-12-08 11:24:35,708 basehttp 73395 6130708480 "GET /admin/jsi18n/ HTTP/1.1" 200 3343
INFO 2025-12-08 11:24:43,439 basehttp 73395 6130708480 "POST /admin/main_app/englishword/79/change/?_changelist_filters=q%3D HTTP/1.1" 302 0
INFO 2025-12-08 11:24:43,566 basehttp 73395 6130708480 "GET /admin/main_app/englishword/ HTTP/1.1" 200 51050
INFO 2025-12-08 11:24:43,604 basehttp 73395 6130708480 "GET /admin/jsi18n/ HTTP/1.1" 200 3343
INFO 2025-12-08 11:24:46,492 basehttp 73395 6130708480 "GET /admin/main_app/englishword/ HTTP/1.1" 200 50832
INFO 2025-12-08 11:24:46,518 basehttp 73395 6130708480 "GET /admin/jsi18n/ HTTP/1.1" 200 3343
INFO 2025-12-08 11:24:47,738 basehttp 73395 6130708480 "GET /admin/goal_app/goal/ HTTP/1.1" 200 29545
INFO 2025-12-08 11:24:47,773 basehttp 73395 6130708480 "GET /admin/jsi18n/ HTTP/1.1" 200 3343
INFO 2025-12-08 11:24:48,634 basehttp 73395 6130708480 "GET /admin/goal_app/task/ HTTP/1.1" 200 40903
INFO 2025-12-08 11:24:48,657 basehttp 73395 6130708480 "GET /admin/jsi18n/ HTTP/1.1" 200 3343
INFO 2025-12-08 11:24:52,986 basehttp 73395 6130708480 "GET /admin/main_app/englishword/ HTTP/1.1" 200 50832
INFO 2025-12-08 11:24:53,016 basehttp 73395 6130708480 "GET /admin/jsi18n/ HTTP/1.1" 200 3343
INFO 2025-12-08 11:41:16,232 basehttp 73395 6130708480 "GET /admin/main_app/englishword/ HTTP/1.1" 200 51667
INFO 2025-12-08 11:41:16,266 basehttp 73395 6130708480 "GET /admin/jsi18n/ HTTP/1.1" 200 3343
INFO 2025-12-08 11:41:18,620 basehttp 73395 6130708480 "GET /admin/main_app/englishword/82/change/ HTTP/1.1" 200 29340
INFO 2025-12-08 11:41:18,646 basehttp 73395 6130708480 "GET /admin/jsi18n/ HTTP/1.1" 200 3343
INFO 2025-12-08 11:42:04,535 basehttp 73395 6130708480 "GET /admin/main_app/englishword/ HTTP/1.1" 200 51667
INFO 2025-12-08 11:42:04,564 basehttp 73395 6130708480 "GET /admin/jsi18n/ HTTP/1.1" 200 3343
INFO 2025-12-08 11:42:06,572 basehttp 73395 6130708480 "GET /admin/main_app/englishword/81/change/ HTTP/1.1" 200 29197
INFO 2025-12-08 11:42:06,593 basehttp 73395 6130708480 "GET /admin/jsi18n/ HTTP/1.1" 200 3343
INFO 2025-12-08 11:42:15,710 basehttp 73395 6130708480 "POST /admin/main_app/englishword/81/change/ HTTP/1.1" 302 0
INFO 2025-12-08 11:42:15,839 basehttp 73395 6130708480 "GET /admin/main_app/englishword/ HTTP/1.1" 200 51885
INFO 2025-12-08 11:42:15,872 basehttp 73395 6130708480 "GET /admin/jsi18n/ HTTP/1.1" 200 3343
INFO 2025-12-08 15:02:23,355 basehttp 73395 6130708480 "GET /admin/main_app/englishword/ HTTP/1.1" 200 51667
INFO 2025-12-08 15:02:23,390 basehttp 73395 6130708480 "GET /admin/jsi18n/ HTTP/1.1" 200 3343
INFO 2025-12-08 17:19:46,622 basehttp 73395 6130708480 "GET /admin/ HTTP/1.1" 200 24915
INFO 2025-12-08 17:19:47,508 basehttp 73395 6130708480 "GET /admin HTTP/1.1" 301 0
INFO 2025-12-08 17:19:47,540 basehttp 73395 6147534848 "GET /admin/ HTTP/1.1" 200 24915
INFO 2025-12-08 17:19:49,157 basehttp 73395 6147534848 "GET /admin/goal_app/goal/ HTTP/1.1" 200 29545
INFO 2025-12-08 17:19:49,186 basehttp 73395 6147534848 "GET /admin/jsi18n/ HTTP/1.1" 200 3343
INFO 2025-12-08 17:19:50,316 basehttp 73395 6147534848 "GET /admin/main_app/englishword/ HTTP/1.1" 200 51667
INFO 2025-12-08 17:19:50,368 basehttp 73395 6147534848 "GET /admin/jsi18n/ HTTP/1.1" 200 3343
INFO 2025-12-08 17:53:22,908 basehttp 73395 6130708480 "GET /admin/main_app/englishword/ HTTP/1.1" 200 51667
INFO 2025-12-08 17:53:22,935 basehttp 73395 6130708480 "GET /admin/jsi18n/ HTTP/1.1" 200 3343
INFO 2025-12-08 18:07:41,636 apps 55070 8365326912 Main app signals imported
INFO 2025-12-08 19:44:53,535 basehttp 73395 6130708480 "GET /admin/core/user/ HTTP/1.1" 200 27713
INFO 2025-12-08 19:44:53,570 basehttp 73395 6130708480 "GET /admin/jsi18n/ HTTP/1.1" 200 3343
INFO 2025-12-08 19:44:55,011 basehttp 73395 6130708480 "GET /admin/core/user/3/change/ HTTP/1.1" 200 40110
INFO 2025-12-08 19:44:55,035 basehttp 73395 6147534848 "GET /static/admin/js/calendar.js HTTP/1.1" 304 0
INFO 2025-12-08 19:44:55,035 basehttp 73395 6164361216 "GET /static/admin/js/admin/DateTimeShortcuts.js HTTP/1.1" 304 0
INFO 2025-12-08 19:44:55,043 basehttp 73395 6130708480 "GET /admin/jsi18n/ HTTP/1.1" 200 3343
INFO 2025-12-08 19:44:55,073 basehttp 73395 6130708480 "GET /static/admin/img/icon-clock.svg HTTP/1.1" 304 0
INFO 2025-12-08 19:44:55,073 basehttp 73395 6164361216 "GET /static/admin/img/icon-calendar.svg HTTP/1.1" 304 0
INFO 2025-12-08 19:45:44,746 basehttp 73395 6130708480 "GET /admin/core/user/ HTTP/1.1" 200 27713
INFO 2025-12-08 19:45:44,777 basehttp 73395 6130708480 "GET /admin/jsi18n/ HTTP/1.1" 200 3343
INFO 2025-12-08 19:45:46,257 basehttp 73395 6130708480 "GET /admin/core/user/2/change/ HTTP/1.1" 200 40241
INFO 2025-12-08 19:45:46,283 basehttp 73395 6130708480 "GET /admin/jsi18n/ HTTP/1.1" 200 3343
INFO 2025-12-08 19:46:01,709 basehttp 73395 6130708480 "GET /admin/core/user/ HTTP/1.1" 200 27713
INFO 2025-12-08 19:46:01,728 basehttp 73395 6130708480 "GET /admin/jsi18n/ HTTP/1.1" 200 3343
INFO 2025-12-08 19:46:03,480 basehttp 73395 6130708480 "GET /admin/core/user/3/change/ HTTP/1.1" 200 40108
INFO 2025-12-08 19:46:03,507 basehttp 73395 6130708480 "GET /admin/jsi18n/ HTTP/1.1" 200 3343
INFO 2025-12-08 19:46:14,717 basehttp 73395 6130708480 "POST /admin/core/user/3/change/ HTTP/1.1" 302 0
INFO 2025-12-08 19:46:14,745 basehttp 73395 6130708480 "GET /admin/core/user/ HTTP/1.1" 200 27907
INFO 2025-12-08 19:46:14,777 basehttp 73395 6130708480 "GET /admin/jsi18n/ HTTP/1.1" 200 3343
INFO 2025-12-08 19:47:13,043 basehttp 73395 6130708480 "GET /admin/core/user/3/change/ HTTP/1.1" 200 40116
INFO 2025-12-08 19:47:13,068 basehttp 73395 6130708480 "GET /admin/jsi18n/ HTTP/1.1" 200 3343
INFO 2025-12-08 19:47:23,226 basehttp 73395 6130708480 "POST /admin/logout/ HTTP/1.1" 200 17091
INFO 2025-12-08 19:47:25,791 basehttp 73395 6130708480 "GET /admin/ HTTP/1.1" 302 0
INFO 2025-12-08 19:47:25,805 basehttp 73395 6130708480 "GET /admin/login/?next=/admin/ HTTP/1.1" 200 17699
INFO 2025-12-08 19:47:25,818 basehttp 73395 6130708480 "GET /static/admin/css/login.css HTTP/1.1" 304 0
INFO 2025-12-08 19:47:34,967 basehttp 73395 6130708480 "POST /admin/login/?next=/admin/ HTTP/1.1" 302 0
INFO 2025-12-08 19:47:34,990 basehttp 73395 6130708480 "GET /admin/ HTTP/1.1" 200 22147
INFO 2025-12-08 19:47:36,680 basehttp 73395 6130708480 "GET /admin/main_app/englishword/ HTTP/1.1" 200 22884
INFO 2025-12-08 19:47:36,711 basehttp 73395 6130708480 "GET /admin/jsi18n/ HTTP/1.1" 200 3343
INFO 2025-12-08 19:47:38,315 basehttp 73395 6130708480 "GET /admin/main_app/tag/ HTTP/1.1" 200 22422
INFO 2025-12-08 19:47:39,787 basehttp 73395 6130708480 "GET /admin/goal_app/goal/ HTTP/1.1" 200 24052
INFO 2025-12-08 19:47:39,809 basehttp 73395 6130708480 "GET /admin/jsi18n/ HTTP/1.1" 200 3343
INFO 2025-12-08 19:47:40,468 basehttp 73395 6130708480 "GET /admin/goal_app/task/ HTTP/1.1" 200 23966
INFO 2025-12-08 19:47:40,501 basehttp 73395 6130708480 "GET /admin/jsi18n/ HTTP/1.1" 200 3343
INFO 2025-12-08 19:47:41,604 basehttp 73395 6130708480 "GET /admin/goal_app/tag/ HTTP/1.1" 200 22426
INFO 2025-12-08 19:47:42,289 basehttp 73395 6130708480 "GET /admin/goal_app/task/ HTTP/1.1" 200 23966
INFO 2025-12-08 19:47:42,312 basehttp 73395 6130708480 "GET /admin/jsi18n/ HTTP/1.1" 200 3343
INFO 2025-12-08 19:47:43,407 basehttp 73395 6130708480 "GET /admin/goal_app/goal/ HTTP/1.1" 200 24052
INFO 2025-12-08 19:47:43,431 basehttp 73395 6130708480 "GET /admin/jsi18n/ HTTP/1.1" 200 3343
INFO 2025-12-08 19:47:44,249 basehttp 73395 6130708480 "GET /admin/main_app/tag/ HTTP/1.1" 200 22422
INFO 2025-12-08 19:47:44,861 basehttp 73395 6130708480 "GET /admin/main_app/englishword/ HTTP/1.1" 200 22884
INFO 2025-12-08 19:47:44,897 basehttp 73395 6130708480 "GET /admin/jsi18n/ HTTP/1.1" 200 3343
INFO 2025-12-08 19:47:58,137 basehttp 73395 6130708480 "POST /admin/logout/ HTTP/1.1" 200 17091
INFO 2025-12-08 19:47:59,770 basehttp 73395 6130708480 "GET /admin/ HTTP/1.1" 302 0
INFO 2025-12-08 19:47:59,787 basehttp 73395 6130708480 "GET /admin/login/?next=/admin/ HTTP/1.1" 200 17699
INFO 2025-12-08 19:48:08,586 basehttp 73395 6130708480 "POST /admin/login/?next=/admin/ HTTP/1.1" 302 0
INFO 2025-12-08 19:48:08,604 basehttp 73395 6130708480 "GET /admin/ HTTP/1.1" 200 24866
INFO 2025-12-08 19:48:10,475 basehttp 73395 6130708480 "GET /admin/main_app/englishword/ HTTP/1.1" 200 51667
INFO 2025-12-08 19:48:10,502 basehttp 73395 6130708480 "GET /admin/jsi18n/ HTTP/1.1" 200 3343
INFO 2025-12-08 19:52:50,483 autoreload 73395 8365326912 /Users/meng/Desktop/Goals/root_directory/settings.py changed, reloading.
INFO 2025-12-08 19:52:51,053 apps 60831 8365326912 Main app signals imported
INFO 2025-12-08 19:52:51,056 autoreload 60831 8365326912 Watching for file changes with StatReloader
INFO 2025-12-08 19:52:51,059 apps 60833 8365326912 Main app signals imported
INFO 2025-12-08 19:52:57,353 apps 61120 8365326912 Main app signals imported
INFO 2025-12-08 19:52:58,988 apps 61175 8365326912 Main app signals imported
INFO 2025-12-08 19:52:59,354 apps 61176 8365326912 Main app signals imported
INFO 2025-12-08 19:52:59,436 autoreload 60831 8365326912 /Users/meng/Desktop/Goals/root_directory/settings.py changed, reloading.
INFO 2025-12-08 19:52:59,648 apps 61177 8365326912 Main app signals imported
INFO 2025-12-08 19:52:59,650 autoreload 61177 8365326912 Watching for file changes with StatReloader
INFO 2025-12-08 19:53:00,319 apps 61193 8365326912 Main app signals imported
INFO 2025-12-08 19:53:37,358 apps 62468 8365326912 Main app signals imported
INFO 2025-12-08 19:53:40,058 apps 62533 8365326912 Main app signals imported
INFO 2025-12-08 19:53:47,059 apps 62804 8365326912 Main app signals imported
INFO 2025-12-08 19:53:48,433 apps 62847 8365326912 Main app signals imported
INFO 2025-12-08 19:56:02,995 autoreload 61177 8365326912 /Users/meng/Desktop/Goals/root_directory/settings.py changed, reloading.
INFO 2025-12-08 19:56:03,327 apps 67214 8365326912 Main app signals imported
INFO 2025-12-08 19:56:03,329 autoreload 67214 8365326912 Watching for file changes with StatReloader
INFO 2025-12-08 19:56:03,529 apps 67215 8365326912 Main app signals imported
INFO 2025-12-08 19:56:07,116 apps 67417 8365326912 Main app signals imported
INFO 2025-12-08 19:56:09,390 apps 67473 8365326912 Main app signals imported
INFO 2025-12-08 19:56:09,691 autoreload 67214 8365326912 /Users/meng/Desktop/Goals/root_directory/settings.py changed, reloading.
INFO 2025-12-08 19:56:09,739 apps 67486 8365326912 Main app signals imported
INFO 2025-12-08 19:56:09,922 apps 67487 8365326912 Main app signals imported
INFO 2025-12-08 19:56:09,925 autoreload 67487 8365326912 Watching for file changes with StatReloader
INFO 2025-12-08 19:56:10,712 apps 67500 8365326912 Main app signals imported
INFO 2025-12-08 19:56:57,421 apps 69001 8365326912 Main app signals imported
INFO 2025-12-08 19:56:57,460 autoreload 67487 8365326912 /Users/meng/Desktop/Goals/root_directory/settings.py changed, reloading.
INFO 2025-12-08 19:56:57,673 apps 69003 8365326912 Main app signals imported
INFO 2025-12-08 19:56:57,676 autoreload 69003 8365326912 Watching for file changes with StatReloader
INFO 2025-12-08 19:56:59,222 apps 69070 8365326912 Main app signals imported
INFO 2025-12-08 19:57:19,461 autoreload 69003 8365326912 /Users/meng/Desktop/Goals/root_directory/settings.py changed, reloading.
INFO 2025-12-08 19:57:19,517 apps 69724 8365326912 Main app signals imported
INFO 2025-12-08 19:57:19,693 apps 69740 8365326912 Main app signals imported
INFO 2025-12-08 19:57:19,696 autoreload 69740 8365326912 Watching for file changes with StatReloader
INFO 2025-12-08 19:57:20,663 apps 69781 8365326912 Main app signals imported
INFO 2025-12-08 19:57:52,715 basehttp 69740 6127759360 "GET /admin/main_app/englishword/ HTTP/1.1" 302 0
INFO 2025-12-08 19:57:52,730 basehttp 69740 6127759360 "GET /admin/login/?next=/admin/main_app/englishword/ HTTP/1.1" 200 17761
ERROR 2025-12-08 19:58:02,471 log 69740 6127759360 Internal Server Error: /admin/login/
Traceback (most recent call last):
  File "/Users/meng/Desktop/Goals/.venv/lib/python3.12/site-packages/django_redis/cache.py", line 29, in _decorator
    return method(self, *args, **kwargs)
           ^^^^^^^^^^^^^^^^^^^^^^^^^^^^^
  File "/Users/meng/Desktop/Goals/.venv/lib/python3.12/site-packages/django_redis/cache.py", line 138, in has_key
    return self.client.has_key(*args, **kwargs)
           ^^^^^^^^^^^^^^^^^^^^^^^^^^^^^^^^^^^^
  File "/Users/meng/Desktop/Goals/.venv/lib/python3.12/site-packages/django_redis/client/default.py", line 740, in has_key
    raise ConnectionInterrupted(connection=client) from e
django_redis.exceptions.ConnectionInterrupted: Redis ConnectionError: Error 61 connecting to 127.0.0.1:6379. Connection refused.

During handling of the above exception, another exception occurred:

Traceback (most recent call last):
  File "/Users/meng/Desktop/Goals/.venv/lib/python3.12/site-packages/django/core/handlers/exception.py", line 55, in inner
    response = get_response(request)
               ^^^^^^^^^^^^^^^^^^^^^
  File "/Users/meng/Desktop/Goals/.venv/lib/python3.12/site-packages/django/core/handlers/base.py", line 197, in _get_response
    response = wrapped_callback(request, *callback_args, **callback_kwargs)
               ^^^^^^^^^^^^^^^^^^^^^^^^^^^^^^^^^^^^^^^^^^^^^^^^^^^^^^^^^^^^
  File "/Users/meng/Desktop/Goals/.venv/lib/python3.12/site-packages/django/utils/decorators.py", line 46, in _wrapper
    return bound_method(*args, **kwargs)
           ^^^^^^^^^^^^^^^^^^^^^^^^^^^^^
  File "/Users/meng/Desktop/Goals/.venv/lib/python3.12/site-packages/django/views/decorators/cache.py", line 62, in _wrapper_view_func
    response = view_func(request, *args, **kwargs)
               ^^^^^^^^^^^^^^^^^^^^^^^^^^^^^^^^^^^
  File "/Users/meng/Desktop/Goals/.venv/lib/python3.12/site-packages/django/contrib/admin/sites.py", line 441, in login
    return LoginView.as_view(**defaults)(request)
           ^^^^^^^^^^^^^^^^^^^^^^^^^^^^^^^^^^^^^^
  File "/Users/meng/Desktop/Goals/.venv/lib/python3.12/site-packages/django/views/generic/base.py", line 104, in view
    return self.dispatch(request, *args, **kwargs)
           ^^^^^^^^^^^^^^^^^^^^^^^^^^^^^^^^^^^^^^^
  File "/Users/meng/Desktop/Goals/.venv/lib/python3.12/site-packages/django/utils/decorators.py", line 46, in _wrapper
    return bound_method(*args, **kwargs)
           ^^^^^^^^^^^^^^^^^^^^^^^^^^^^^
  File "/Users/meng/Desktop/Goals/.venv/lib/python3.12/site-packages/django/views/decorators/debug.py", line 92, in sensitive_post_parameters_wrapper
    return view(request, *args, **kwargs)
           ^^^^^^^^^^^^^^^^^^^^^^^^^^^^^^
  File "/Users/meng/Desktop/Goals/.venv/lib/python3.12/site-packages/django/utils/decorators.py", line 46, in _wrapper
    return bound_method(*args, **kwargs)
           ^^^^^^^^^^^^^^^^^^^^^^^^^^^^^
  File "/Users/meng/Desktop/Goals/.venv/lib/python3.12/site-packages/django/utils/decorators.py", line 134, in _wrapper_view
    response = view_func(request, *args, **kwargs)
               ^^^^^^^^^^^^^^^^^^^^^^^^^^^^^^^^^^^
  File "/Users/meng/Desktop/Goals/.venv/lib/python3.12/site-packages/django/utils/decorators.py", line 46, in _wrapper
    return bound_method(*args, **kwargs)
           ^^^^^^^^^^^^^^^^^^^^^^^^^^^^^
  File "/Users/meng/Desktop/Goals/.venv/lib/python3.12/site-packages/django/views/decorators/cache.py", line 62, in _wrapper_view_func
    response = view_func(request, *args, **kwargs)
               ^^^^^^^^^^^^^^^^^^^^^^^^^^^^^^^^^^^
  File "/Users/meng/Desktop/Goals/.venv/lib/python3.12/site-packages/django/contrib/auth/views.py", line 90, in dispatch
    return super().dispatch(request, *args, **kwargs)
           ^^^^^^^^^^^^^^^^^^^^^^^^^^^^^^^^^^^^^^^^^^
  File "/Users/meng/Desktop/Goals/.venv/lib/python3.12/site-packages/django/views/generic/base.py", line 143, in dispatch
    return handler(request, *args, **kwargs)
           ^^^^^^^^^^^^^^^^^^^^^^^^^^^^^^^^^
  File "/Users/meng/Desktop/Goals/.venv/lib/python3.12/site-packages/django/views/generic/edit.py", line 153, in post
    return self.form_valid(form)
           ^^^^^^^^^^^^^^^^^^^^^
  File "/Users/meng/Desktop/Goals/.venv/lib/python3.12/site-packages/django/contrib/auth/views.py", line 109, in form_valid
    auth_login(self.request, form.get_user())
  File "/Users/meng/Desktop/Goals/.venv/lib/python3.12/site-packages/django/contrib/auth/__init__.py", line 118, in login
    request.session.cycle_key()
  File "/Users/meng/Desktop/Goals/.venv/lib/python3.12/site-packages/django/contrib/sessions/backends/base.py", line 304, in cycle_key
    self.create()
  File "/Users/meng/Desktop/Goals/.venv/lib/python3.12/site-packages/django/contrib/sessions/backends/cache.py", line 42, in create
    self._session_key = self._get_new_session_key()
                        ^^^^^^^^^^^^^^^^^^^^^^^^^^^
  File "/Users/meng/Desktop/Goals/.venv/lib/python3.12/site-packages/django/contrib/sessions/backends/base.py", line 150, in _get_new_session_key
    if not self.exists(session_key):
           ^^^^^^^^^^^^^^^^^^^^^^^^
  File "/Users/meng/Desktop/Goals/.venv/lib/python3.12/site-packages/django/contrib/sessions/backends/cache.py", line 73, in exists
    bool(session_key) and (self.cache_key_prefix + session_key) in self._cache
                          ^^^^^^^^^^^^^^^^^^^^^^^^^^^^^^^^^^^^^^^^^^^^^^^^^^^^
  File "/Users/meng/Desktop/Goals/.venv/lib/python3.12/site-packages/django/core/cache/backends/base.py", line 299, in __contains__
    return self.has_key(key)
           ^^^^^^^^^^^^^^^^^
  File "/Users/meng/Desktop/Goals/.venv/lib/python3.12/site-packages/debug_toolbar/panels/cache.py", line 42, in wrapper
    return panel._record_call(cache, name, original_method, args, kwargs)
           ^^^^^^^^^^^^^^^^^^^^^^^^^^^^^^^^^^^^^^^^^^^^^^^^^^^^^^^^^^^^^^
  File "/Users/meng/Desktop/Goals/.venv/lib/python3.12/site-packages/debug_toolbar/panels/cache.py", line 151, in _record_call
    value = original_method(*args, **kwargs)
            ^^^^^^^^^^^^^^^^^^^^^^^^^^^^^^^^
  File "/Users/meng/Desktop/Goals/.venv/lib/python3.12/site-packages/django_redis/cache.py", line 36, in _decorator
    raise e.__cause__  # noqa: B904
    ^^^^^^^^^^^^^^^^^
  File "/Users/meng/Desktop/Goals/.venv/lib/python3.12/site-packages/django_redis/client/default.py", line 738, in has_key
    return client.exists(key) == 1
           ^^^^^^^^^^^^^^^^^^
  File "/Users/meng/Desktop/Goals/.venv/lib/python3.12/site-packages/redis/commands/core.py", line 1736, in exists
    return self.execute_command("EXISTS", *names, keys=names)
           ^^^^^^^^^^^^^^^^^^^^^^^^^^^^^^^^^^^^^^^^^^^^^^^^^^
  File "/Users/meng/Desktop/Goals/.venv/lib/python3.12/site-packages/redis/client.py", line 623, in execute_command
    return self._execute_command(*args, **options)
           ^^^^^^^^^^^^^^^^^^^^^^^^^^^^^^^^^^^^^^^
  File "/Users/meng/Desktop/Goals/.venv/lib/python3.12/site-packages/redis/client.py", line 629, in _execute_command
    conn = self.connection or pool.get_connection()
                              ^^^^^^^^^^^^^^^^^^^^^
  File "/Users/meng/Desktop/Goals/.venv/lib/python3.12/site-packages/redis/utils.py", line 191, in wrapper
    return func(*args, **kwargs)
           ^^^^^^^^^^^^^^^^^^^^^
  File "/Users/meng/Desktop/Goals/.venv/lib/python3.12/site-packages/redis/connection.py", line 1530, in get_connection
    connection.connect()
  File "/Users/meng/Desktop/Goals/.venv/lib/python3.12/site-packages/redis/connection.py", line 379, in connect
    self.connect_check_health(check_health=True)
  File "/Users/meng/Desktop/Goals/.venv/lib/python3.12/site-packages/redis/connection.py", line 391, in connect_check_health
    raise ConnectionError(self._error_message(e))
redis.exceptions.ConnectionError: Error 61 connecting to 127.0.0.1:6379. Connection refused.
ERROR 2025-12-08 19:58:02,499 basehttp 69740 6127759360 "POST /admin/login/?next=/admin/main_app/englishword/ HTTP/1.1" 500 234448
INFO 2025-12-08 19:58:29,607 basehttp 69740 6127759360 "GET /admin/login HTTP/1.1" 302 0
INFO 2025-12-08 19:58:29,621 basehttp 69740 6127759360 "GET /admin/login/?next=/admin/login HTTP/1.1" 200 17712
ERROR 2025-12-08 19:58:39,788 log 69740 6127759360 Internal Server Error: /admin/login/
Traceback (most recent call last):
  File "/Users/meng/Desktop/Goals/.venv/lib/python3.12/site-packages/django_redis/cache.py", line 29, in _decorator
    return method(self, *args, **kwargs)
           ^^^^^^^^^^^^^^^^^^^^^^^^^^^^^
  File "/Users/meng/Desktop/Goals/.venv/lib/python3.12/site-packages/django_redis/cache.py", line 138, in has_key
    return self.client.has_key(*args, **kwargs)
           ^^^^^^^^^^^^^^^^^^^^^^^^^^^^^^^^^^^^
  File "/Users/meng/Desktop/Goals/.venv/lib/python3.12/site-packages/django_redis/client/default.py", line 740, in has_key
    raise ConnectionInterrupted(connection=client) from e
django_redis.exceptions.ConnectionInterrupted: Redis ConnectionError: Error 61 connecting to 127.0.0.1:6379. Connection refused.

During handling of the above exception, another exception occurred:

Traceback (most recent call last):
  File "/Users/meng/Desktop/Goals/.venv/lib/python3.12/site-packages/django/core/handlers/exception.py", line 55, in inner
    response = get_response(request)
               ^^^^^^^^^^^^^^^^^^^^^
  File "/Users/meng/Desktop/Goals/.venv/lib/python3.12/site-packages/django/core/handlers/base.py", line 197, in _get_response
    response = wrapped_callback(request, *callback_args, **callback_kwargs)
               ^^^^^^^^^^^^^^^^^^^^^^^^^^^^^^^^^^^^^^^^^^^^^^^^^^^^^^^^^^^^
  File "/Users/meng/Desktop/Goals/.venv/lib/python3.12/site-packages/django/utils/decorators.py", line 46, in _wrapper
    return bound_method(*args, **kwargs)
           ^^^^^^^^^^^^^^^^^^^^^^^^^^^^^
  File "/Users/meng/Desktop/Goals/.venv/lib/python3.12/site-packages/django/views/decorators/cache.py", line 62, in _wrapper_view_func
    response = view_func(request, *args, **kwargs)
               ^^^^^^^^^^^^^^^^^^^^^^^^^^^^^^^^^^^
  File "/Users/meng/Desktop/Goals/.venv/lib/python3.12/site-packages/django/contrib/admin/sites.py", line 441, in login
    return LoginView.as_view(**defaults)(request)
           ^^^^^^^^^^^^^^^^^^^^^^^^^^^^^^^^^^^^^^
  File "/Users/meng/Desktop/Goals/.venv/lib/python3.12/site-packages/django/views/generic/base.py", line 104, in view
    return self.dispatch(request, *args, **kwargs)
           ^^^^^^^^^^^^^^^^^^^^^^^^^^^^^^^^^^^^^^^
  File "/Users/meng/Desktop/Goals/.venv/lib/python3.12/site-packages/django/utils/decorators.py", line 46, in _wrapper
    return bound_method(*args, **kwargs)
           ^^^^^^^^^^^^^^^^^^^^^^^^^^^^^
  File "/Users/meng/Desktop/Goals/.venv/lib/python3.12/site-packages/django/views/decorators/debug.py", line 92, in sensitive_post_parameters_wrapper
    return view(request, *args, **kwargs)
           ^^^^^^^^^^^^^^^^^^^^^^^^^^^^^^
  File "/Users/meng/Desktop/Goals/.venv/lib/python3.12/site-packages/django/utils/decorators.py", line 46, in _wrapper
    return bound_method(*args, **kwargs)
           ^^^^^^^^^^^^^^^^^^^^^^^^^^^^^
  File "/Users/meng/Desktop/Goals/.venv/lib/python3.12/site-packages/django/utils/decorators.py", line 134, in _wrapper_view
    response = view_func(request, *args, **kwargs)
               ^^^^^^^^^^^^^^^^^^^^^^^^^^^^^^^^^^^
  File "/Users/meng/Desktop/Goals/.venv/lib/python3.12/site-packages/django/utils/decorators.py", line 46, in _wrapper
    return bound_method(*args, **kwargs)
           ^^^^^^^^^^^^^^^^^^^^^^^^^^^^^
  File "/Users/meng/Desktop/Goals/.venv/lib/python3.12/site-packages/django/views/decorators/cache.py", line 62, in _wrapper_view_func
    response = view_func(request, *args, **kwargs)
               ^^^^^^^^^^^^^^^^^^^^^^^^^^^^^^^^^^^
  File "/Users/meng/Desktop/Goals/.venv/lib/python3.12/site-packages/django/contrib/auth/views.py", line 90, in dispatch
    return super().dispatch(request, *args, **kwargs)
           ^^^^^^^^^^^^^^^^^^^^^^^^^^^^^^^^^^^^^^^^^^
  File "/Users/meng/Desktop/Goals/.venv/lib/python3.12/site-packages/django/views/generic/base.py", line 143, in dispatch
    return handler(request, *args, **kwargs)
           ^^^^^^^^^^^^^^^^^^^^^^^^^^^^^^^^^
  File "/Users/meng/Desktop/Goals/.venv/lib/python3.12/site-packages/django/views/generic/edit.py", line 153, in post
    return self.form_valid(form)
           ^^^^^^^^^^^^^^^^^^^^^
  File "/Users/meng/Desktop/Goals/.venv/lib/python3.12/site-packages/django/contrib/auth/views.py", line 109, in form_valid
    auth_login(self.request, form.get_user())
  File "/Users/meng/Desktop/Goals/.venv/lib/python3.12/site-packages/django/contrib/auth/__init__.py", line 118, in login
    request.session.cycle_key()
  File "/Users/meng/Desktop/Goals/.venv/lib/python3.12/site-packages/django/contrib/sessions/backends/base.py", line 304, in cycle_key
    self.create()
  File "/Users/meng/Desktop/Goals/.venv/lib/python3.12/site-packages/django/contrib/sessions/backends/cache.py", line 42, in create
    self._session_key = self._get_new_session_key()
                        ^^^^^^^^^^^^^^^^^^^^^^^^^^^
  File "/Users/meng/Desktop/Goals/.venv/lib/python3.12/site-packages/django/contrib/sessions/backends/base.py", line 150, in _get_new_session_key
    if not self.exists(session_key):
           ^^^^^^^^^^^^^^^^^^^^^^^^
  File "/Users/meng/Desktop/Goals/.venv/lib/python3.12/site-packages/django/contrib/sessions/backends/cache.py", line 73, in exists
    bool(session_key) and (self.cache_key_prefix + session_key) in self._cache
                          ^^^^^^^^^^^^^^^^^^^^^^^^^^^^^^^^^^^^^^^^^^^^^^^^^^^^
  File "/Users/meng/Desktop/Goals/.venv/lib/python3.12/site-packages/django/core/cache/backends/base.py", line 299, in __contains__
    return self.has_key(key)
           ^^^^^^^^^^^^^^^^^
  File "/Users/meng/Desktop/Goals/.venv/lib/python3.12/site-packages/debug_toolbar/panels/cache.py", line 42, in wrapper
    return panel._record_call(cache, name, original_method, args, kwargs)
           ^^^^^^^^^^^^^^^^^^^^^^^^^^^^^^^^^^^^^^^^^^^^^^^^^^^^^^^^^^^^^^
  File "/Users/meng/Desktop/Goals/.venv/lib/python3.12/site-packages/debug_toolbar/panels/cache.py", line 151, in _record_call
    value = original_method(*args, **kwargs)
            ^^^^^^^^^^^^^^^^^^^^^^^^^^^^^^^^
  File "/Users/meng/Desktop/Goals/.venv/lib/python3.12/site-packages/django_redis/cache.py", line 36, in _decorator
    raise e.__cause__  # noqa: B904
    ^^^^^^^^^^^^^^^^^
  File "/Users/meng/Desktop/Goals/.venv/lib/python3.12/site-packages/django_redis/client/default.py", line 738, in has_key
    return client.exists(key) == 1
           ^^^^^^^^^^^^^^^^^^
  File "/Users/meng/Desktop/Goals/.venv/lib/python3.12/site-packages/redis/commands/core.py", line 1736, in exists
    return self.execute_command("EXISTS", *names, keys=names)
           ^^^^^^^^^^^^^^^^^^^^^^^^^^^^^^^^^^^^^^^^^^^^^^^^^^
  File "/Users/meng/Desktop/Goals/.venv/lib/python3.12/site-packages/redis/client.py", line 623, in execute_command
    return self._execute_command(*args, **options)
           ^^^^^^^^^^^^^^^^^^^^^^^^^^^^^^^^^^^^^^^
  File "/Users/meng/Desktop/Goals/.venv/lib/python3.12/site-packages/redis/client.py", line 629, in _execute_command
    conn = self.connection or pool.get_connection()
                              ^^^^^^^^^^^^^^^^^^^^^
  File "/Users/meng/Desktop/Goals/.venv/lib/python3.12/site-packages/redis/utils.py", line 191, in wrapper
    return func(*args, **kwargs)
           ^^^^^^^^^^^^^^^^^^^^^
  File "/Users/meng/Desktop/Goals/.venv/lib/python3.12/site-packages/redis/connection.py", line 1530, in get_connection
    connection.connect()
  File "/Users/meng/Desktop/Goals/.venv/lib/python3.12/site-packages/redis/connection.py", line 379, in connect
    self.connect_check_health(check_health=True)
  File "/Users/meng/Desktop/Goals/.venv/lib/python3.12/site-packages/redis/connection.py", line 391, in connect_check_health
    raise ConnectionError(self._error_message(e))
redis.exceptions.ConnectionError: Error 61 connecting to 127.0.0.1:6379. Connection refused.
ERROR 2025-12-08 19:58:39,811 basehttp 69740 6127759360 "POST /admin/login/?next=/admin/login HTTP/1.1" 500 234032
INFO 2025-12-08 20:02:30,764 autoreload 69740 8365326912 /Users/meng/Desktop/Goals/root_directory/settings.py changed, reloading.
INFO 2025-12-08 20:02:31,098 apps 79976 8365326912 Main app signals imported
INFO 2025-12-08 20:02:31,101 autoreload 79976 8365326912 Watching for file changes with StatReloader
INFO 2025-12-08 20:02:31,302 apps 79977 8365326912 Main app signals imported
INFO 2025-12-08 20:02:35,239 apps 80161 8365326912 Main app signals imported
INFO 2025-12-08 20:02:36,421 autoreload 79976 8365326912 /Users/meng/Desktop/Goals/root_directory/settings.py changed, reloading.
INFO 2025-12-08 20:02:36,647 apps 80198 8365326912 Main app signals imported
INFO 2025-12-08 20:02:36,648 apps 80201 8365326912 Main app signals imported
INFO 2025-12-08 20:02:36,655 autoreload 80201 8365326912 Watching for file changes with StatReloader
INFO 2025-12-08 20:02:38,285 apps 80255 8365326912 Main app signals imported
INFO 2025-12-08 20:04:03,202 apps 83052 8365326912 Main app signals imported
INFO 2025-12-08 20:04:03,379 autoreload 80201 8365326912 /Users/meng/Desktop/Goals/root_directory/settings.py changed, reloading.
INFO 2025-12-08 20:04:03,610 apps 83074 8365326912 Main app signals imported
INFO 2025-12-08 20:04:03,613 autoreload 83074 8365326912 Watching for file changes with StatReloader
INFO 2025-12-08 20:04:06,902 apps 83172 8365326912 Main app signals imported
INFO 2025-12-08 20:04:08,063 basehttp 83074 6127366144 "GET /admin/login/?next=/admin/login HTTP/1.1" 200 17714
INFO 2025-12-08 20:04:18,106 basehttp 83074 6127366144 "POST /admin/login/?next=/admin/login HTTP/1.1" 302 0
INFO 2025-12-08 20:04:18,116 basehttp 83074 6127366144 "GET /admin/login HTTP/1.1" 301 0
INFO 2025-12-08 20:04:18,123 basehttp 83074 6127366144 "GET /admin/login/ HTTP/1.1" 302 0
INFO 2025-12-08 20:04:18,143 basehttp 83074 6127366144 "GET /admin/ HTTP/1.1" 200 24866
INFO 2025-12-08 20:04:19,700 basehttp 83074 6127366144 "GET /admin/goal_app/goal/ HTTP/1.1" 200 29545
INFO 2025-12-08 20:04:19,719 basehttp 83074 6127366144 "GET /admin/jsi18n/ HTTP/1.1" 200 3343
INFO 2025-12-08 20:04:20,425 basehttp 83074 6127366144 "GET /admin/goal_app/task/ HTTP/1.1" 200 40902
INFO 2025-12-08 20:04:20,442 basehttp 83074 6127366144 "GET /admin/jsi18n/ HTTP/1.1" 200 3343
INFO 2025-12-08 20:07:24,234 apps 89533 8365326912 Main app signals imported
INFO 2025-12-08 20:07:28,454 apps 89755 8365326912 Main app signals imported
INFO 2025-12-08 20:07:34,794 apps 89909 8365326912 Main app signals imported
INFO 2025-12-08 20:07:36,438 apps 90005 8365326912 Main app signals imported
INFO 2025-12-08 20:07:41,619 basehttp 83074 6127366144 "GET /admin/goal_app/task/ HTTP/1.1" 200 40903
INFO 2025-12-08 20:07:41,658 basehttp 83074 6127366144 "GET /admin/jsi18n/ HTTP/1.1" 200 3343
INFO 2025-12-08 20:09:09,723 auth 90005 8365326912 Token added to blacklist: eee7492a..., type: refresh
INFO 2025-12-08 20:10:04,611 auth 90005 8365326912 Token added to blacklist: 7aac0c64..., type: refresh
INFO 2025-12-08 20:10:24,038 auth 90005 8365326912 Token added to blacklist: 8dbc7d3d..., type: refresh
INFO 2025-12-08 20:12:21,043 auth 90005 8365326912 Token added to blacklist: 4c8a5aee..., type: access
INFO 2025-12-08 20:12:21,044 auth 90005 8365326912 Access token blacklisted for user: 2
INFO 2025-12-08 20:12:21,044 auth 90005 8365326912 Token added to blacklist: 08179e27..., type: refresh
INFO 2025-12-08 20:12:21,044 auth 90005 8365326912 Refresh token blacklisted for user: 2
INFO 2025-12-08 20:27:04,066 apps 27835 8365326912 Main app signals imported
INFO 2025-12-08 20:27:09,012 apps 27964 8365326912 Main app signals imported
INFO 2025-12-08 20:57:51,624 apps 87219 8365326912 Main app signals imported
INFO 2025-12-08 20:57:56,201 apps 87430 8365326912 Main app signals imported
INFO 2025-12-08 21:13:01,126 apps 16921 8365326912 Main app signals imported
INFO 2025-12-08 21:13:05,430 apps 17027 8365326912 Main app signals imported
INFO 2025-12-08 21:18:25,690 apps 27356 8365326912 Main app signals imported
INFO 2025-12-08 21:18:28,789 apps 27434 8365326912 Main app signals imported
